"barcode","predicted_label","prediction_score"
"AAACATACAACCAC-1","T cells",0.964863223503898
"AAACATTGAGCTAC-1","B cells",1
"AAACATTGATCAGC-1","T cells",1
"AAACCGTGCTTCCG-1","Mono",1
"AAACCGTGTATGCG-1","NK",0.899649523935898
"AAACGCACTGGTAC-1","T cells",1
"AAACGCTGACCAGT-1","T cells",0.867416705374151
"AAACGCTGGTTCTT-1","T cells",0.93258189741451
"AAACGCTGTAGCCA-1","T cells",0.860218670613805
"AAACGCTGTTTCTG-1","Mono",1
"AAACTTGAAAAACG-1","B cells",1
"AAACTTGATCCAGA-1","T cells",1
"AAAGAGACGAGATA-1","T cells",1
"AAAGAGACGCGAGA-1","Mono",1
"AAAGAGACGGACTT-1","T cells",0.810182049358659
"AAAGAGACGGCATT-1","T cells",1
"AAAGCAGATATCGG-1","Mono",1
"AAAGCCTGTATGCG-1","T cells",1
"AAAGGCCTGTCTAG-1","B cells",0.999999999999999
"AAAGTTTGATCACG-1","B cells",1
"AAAGTTTGGGGTGA-1","B cells",1
"AAAGTTTGTAGAGA-1","T cells",0.978105653677401
"AAAGTTTGTAGCGT-1","Mono",1
"AAATCAACAATGCC-1","B cells",1
"AAATCAACACCAGT-1","T cells",0.950842197575275
"AAATCAACCAGGAG-1","T cells",1
"AAATCAACCCTATT-1","Mono",1
"AAATCAACGGAAGC-1","T cells",0.968477036792007
"AAATCAACTCGCAA-1","T cells",1
"AAATCATGACCACA-1","Mono",1
"AAATCCCTCCACAA-1","T cells",0.851546271977375
"AAATCCCTGCTATG-1","B cells",1
"AAATGTTGAACGAA-1","Mono",1
"AAATGTTGCCACAA-1","T cells",1
"AAATGTTGTGGCAT-1","Mono",1
"AAATTCGAAGGTTC-1","T cells",0.973299172290366
"AAATTCGAATCACG-1","Mono",1
"AAATTCGAGCTGAT-1","Mono",1
"AAATTCGAGGAGTG-1","T cells",1
"AAATTCGATTCTCA-1","NK",0.984528059210435
"AAATTGACACGACT-1","T cells",0.799830106063449
"AAATTGACTCGCTC-1","T cells",1
"AACAAACTCATTTC-1","T cells",1
"AACAAACTTTCGTT-1","T cells",1
"AACAATACGACGAG-1","T cells",1
"AACACGTGCAGAGG-1","T cells",1
"AACACGTGGAAAGT-1","T cells",1
"AACACGTGGAACCT-1","Mono",1
"AACACGTGGCTACA-1","T cells",0.964685548710124
"AACACGTGTACGAC-1","Mono",1
"AACAGCACAAGAGT-1","Mono",0.999999999999999
"AACATTGATGGGAG-1","Mono",1
"AACCAGTGATACCG-1","Mono",1
"AACCCAGATCGCTC-1","T cells",1
"AACCGATGCTCCCA-1","T cells",1
"AACCGATGGTCATG-1","B cells",1
"AACCGATGTTCTAC-1","Mono",1
"AACCGCCTAGCGTT-1","T cells",1
"AACCGCCTCTACGA-1","Mono",1
"AACCTACTGTGAGG-1","Mono",1
"AACCTACTGTGTTG-1","T cells",0.999999999999999
"AACCTTACGAGACG-1","T cells",0.988112260550385
"AACCTTACGCGAGA-1","NK",0.907527444169916
"AACCTTACTAACGC-1","Mono",1
"AACCTTTGGACGGA-1","T cells",1
"AACCTTTGTACGCA-1","Mono",1
"AACGCAACAAGTAG-1","T cells",1
"AACGCATGACCCAA-1","T cells",1
"AACGCATGCCTTCG-1","T cells",1
"AACGCATGTACTTC-1","T cells",1
"AACGCCCTCGGGAA-1","T cells",1
"AACGCCCTCGTACA-1","NK",0.878412843106167
"AACGCCCTGGCATT-1","T cells",1
"AACGTCGAGTATCG-1","NK",0.879496860898273
"AACGTGTGAAAGCA-1","T cells",1
"AACGTGTGGCGGAA-1","B cells",1
"AACGTGTGTCCAAG-1","T cells",1
"AACGTGTGTGCTTT-1","T cells",1
"AACTACCTTAGAGA-1","T cells",1
"AACTCACTCAAGCT-1","Mono",1
"AACTCACTTGGAGG-1","Mono",1
"AACTCGGAAAGTGA-1","T cells",0.818063961280891
"AACTCGGAAGGTCT-1","Mono",1
"AACTCTTGCAGGAG-1","T cells",0.988371659382488
"AACTGTCTCCCTTG-1","Mono",1
"AACTTGCTACGCTA-1","B cells",1
"AACTTGCTGGGACA-1","T cells",1
"AAGAACGAGTGTTG-1","T cells",1
"AAGAAGACGTAGGG-1","B cells",1
"AAGACAGAAGTCTG-1","B cells",1
"AAGACAGAGGATCT-1","T cells",1
"AAGACAGATTACCT-1","Mono",1
"AAGAGATGGGTAGG-1","B cells",1
"AAGATGGAAAACAG-1","B cells",1
"AAGATGGAGAACTC-1","Mono",1
"AAGATGGAGATAAG-1","Mono",1
"AAGATTACAACCTG-1","T cells",1
"AAGATTACAGATCC-1","Mono",1
"AAGATTACCCGTTC-1","Mono",1
"AAGATTACCGCCTT-1","Mono",1
"AAGATTACCTCAAG-1","NK",0.84656449008904
"AAGATTACTCCTCG-1","Mono",1
"AAGCAAGAGCGAGA-1","T cells",0.977928426874504
"AAGCAAGAGCTTAG-1","T cells",0.834102069011734
"AAGCAAGAGGTGTT-1","NK",0.953872816438005
"AAGCACTGAGCAAA-1","B cells",1
"AAGCACTGCATACG-1","T cells",0.656491978222835
"AAGCACTGGTTCTT-1","B cells",1
"AAGCCAACGTGTTG-1","T cells",0.97818945611407
"AAGCCATGAACTGC-1","Mono",1
"AAGCCATGACACGT-1","Mono",1
"AAGCCATGCGTGAT-1","T cells",1
"AAGCCATGTCTCGC-1","T cells",0.732130708395943
"AAGCCTGACATGCA-1","T cells",1
"AAGCCTGACCGAAT-1","Mono",1
"AAGCGACTCCTCAC-1","Mono",1
"AAGCGACTGTGTCA-1","T cells",1
"AAGCGACTTACAGC-1","B cells",1
"AAGCGACTTTGACG-1","Mono",1
"AAGCGTACGTCTTT-1","T cells",0.96195852549306
"AAGGCTTGCGAACT-1","T cells",0.761211642298165
"AAGGTCACGGTTAC-1","Mono",1
"AAGGTCACTGTTTC-1","B cells",1
"AAGGTCACTTCCCG-1","T cells",0.846607982138864
"AAGGTCTGACAGTC-1","T cells",0.98770564565015
"AAGGTCTGCAGATC-1","T cells",1
"AAGTAACTCTGAAC-1","Mono",1
"AAGTAACTGAGATA-1","B cells",1
"AAGTAGGATACAGC-1","NK",0.858475187965712
"AAGTATACCGAACT-1","T cells",1
"AAGTCCGACTTGTT-1","T cells",1
"AAGTCCGATAGAAG-1","T cells",1
"AAGTCTCTAGTCGT-1","T cells",0.992491866332498
"AAGTCTCTCGGAGA-1","T cells",0.775172474502464
"AAGTGGCTTGGAGG-1","B cells",1
"AAGTTCCTCATTCT-1","Mono",1
"AAGTTCCTTCTTAC-1","T cells",0.887976546130795
"AATAAGCTCGAATC-1","T cells",1
"AATAAGCTCGTTGA-1","T cells",1
"AATACCCTGGACGA-1","B cells",1
"AATACCCTGGCATT-1","T cells",1
"AATACTGAAAGGGC-1","NK",0.689214457870295
"AATACTGAATTGGC-1","NK",0.933524726551092
"AATAGGGAACCCTC-1","B cells",1
"AATAGGGAGAATGA-1","T cells",0.87375870753797
"AATCAAACTATCGG-1","T cells",0.761725656719383
"AATCCGGAATGCTG-1","B cells",1
"AATCCTACCGGTAT-1","T cells",1
"AATCCTTGACGGGA-1","Mono",1
"AATCCTTGGTGAGG-1","NK",0.928615771211028
"AATCGGTGGAACTC-1","T cells",0.787091035575956
"AATCGGTGTGCTTT-1","T cells",1
"AATCTAGAAAAGTG-1","T cells",1
"AATCTAGAATCGGT-1","T cells",1
"AATCTCACAGCCTA-1","Mono",1
"AATCTCACTCTAGG-1","T cells",1
"AATCTCTGAACAGA-1","T cells",0.991531630635335
"AATCTCTGCTTTAC-1","NK",0.935276701810059
"AATGATACACCAAC-1","T cells",0.799778481216147
"AATGATACGGTCAT-1","Mono",1
"AATGCGTGACACCA-1","B cells",1
"AATGCGTGGACGGA-1","Mono",1
"AATGCGTGGCTATG-1","B cells",1
"AATGGAGAATCGTG-1","Mono",1
"AATGGAGATCCTTA-1","T cells",0.95135939690672
"AATGGCTGACACCA-1","B cells",1
"AATGGCTGCGTGAT-1","T cells",1
"AATGGCTGTAAAGG-1","T cells",0.905756918767654
"AATGGCTGTACTCT-1","T cells",0.910859957920695
"AATGGCTGTGAAGA-1","T cells",1
"AATGTAACGGTGGA-1","T cells",1
"AATGTCCTCTTCTA-1","T cells",1
"AATGTTGACAGTCA-1","T cells",1
"AATGTTGAGTTGAC-1","Mono",1
"AATGTTGATCTACT-1","T cells",1
"AATTACGAATTCCT-1","Mono",1
"AATTACGACTTCTA-1","T cells",1
"AATTACGAGTGAGG-1","T cells",1
"AATTACGATTGGCA-1","B cells",1
"AATTCCTGCTCAGA-1","B cells",1
"AATTGATGTCGCAA-1","Mono",1
"AATTGTGACTTGGA-1","B cells",1
"ACAAAGGAGGGTGA-1","T cells",1
"ACAAATTGATTCTC-1","Mono",1
"ACAAATTGCTCAGA-1","Mono",1
"ACAAATTGTTGCGA-1","NK",0.946787340614785
"ACAACCGAGGGATG-1","NK",0.958727981799928
"ACAACCGAGTTACG-1","T cells",1
"ACAAGAGAAGTCGT-1","Mono",1
"ACAAGAGACTTATC-1","T cells",0.967538468383234
"ACAAGAGAGTTGAC-1","B cells",1
"ACAATCCTAACCGT-1","T cells",1
"ACAATCCTTAGCGT-1","B cells",1
"ACAATTGACTGACA-1","T cells",0.882729712646601
"ACAATTGATGACTG-1","NK",0.89401521537526
"ACACAGACCATACG-1","T cells",0.898978470617005
"ACACCAGAGGGCAA-1","T cells",0.891833364902817
"ACACCCTGGTGTTG-1","NK",0.83979876040509
"ACACGAACAGTTCG-1","T cells",0.982656725935044
"ACACGATGACGCAT-1","T cells",0.726897730232187
"ACACGATGATGTGC-1","Mono",1
"ACACGATGTCGTAG-1","T cells",0.973702624064462
"ACACGATGTGGTCA-1","T cells",0.880503451493963
"ACAGACACGGCATT-1","T cells",0.873691224265419
"ACAGACACGTTGTG-1","T cells",1
"ACAGCAACACCTAG-1","Mono",1
"ACAGCAACCTCAAG-1","Mono",1
"ACAGGTACCCCACT-1","T cells",1
"ACAGGTACGCTGTA-1","T cells",0.826755107762575
"ACAGGTACTGGTGT-1","NK",0.974988666164165
"ACAGTCGACCCAAA-1","T cells",1
"ACAGTCGACCGATA-1","T cells",0.759505076466608
"ACAGTGACTCACCC-1","T cells",0.974305308397808
"ACAGTGACTCTATC-1","T cells",0.787258742382743
"ACAGTGTGGTCACA-1","T cells",0.99364148127524
"ACAGTGTGTTGCGA-1","Mono",1
"ACATCACTCTACTT-1","Mono",1
"ACATGGTGAAGCCT-1","T cells",1
"ACATGGTGCAACCA-1","B cells",1
"ACATGGTGCGAGTT-1","T cells",1
"ACATTCTGGCATAC-1","T cells",1
"ACATTCTGGGAACG-1","Mono",1
"ACCAACGACATGCA-1","T cells",1
"ACCACAGAAAGTAG-1","T cells",0.986402868079923
"ACCACAGAGTTGGT-1","T cells",1
"ACCACCTGTGTGCA-1","T cells",1
"ACCACGCTACAGCT-1","T cells",1
"ACCACGCTACCCAA-1","T cells",0.893684277940101
"ACCACGCTGCGAGA-1","T cells",1
"ACCACGCTGCTGTA-1","T cells",0.953455065506538
"ACCAGCCTGACAGG-1","T cells",0.98148665724426
"ACCAGTGAACGGTT-1","B cells",1
"ACCAGTGAATACCG-1","Mono",1
"ACCAGTGAGGGATG-1","T cells",1
"ACCAGTGATGACTG-1","Mono",1
"ACCATTACCTTCTA-1","T cells",1
"ACCATTACGAGATA-1","T cells",1
"ACCATTTGTCATTC-1","T cells",1
"ACCCAAGAACTGTG-1","T cells",0.86825258581289
"ACCCAAGAATTCCT-1","Mono",1
"ACCCAAGAGGACAG-1","T cells",1
"ACCCAAGATTCACT-1","B cells",1
"ACCCACTGCGCCTT-1","Mono",1
"ACCCACTGGACAGG-1","T cells",1
"ACCCACTGGTTCAG-1","Platelet",1
"ACCCACTGTCGTAG-1","Mono",1
"ACCCAGCTCAGAAA-1","T cells",1
"ACCCAGCTGTTAGC-1","Mono",1
"ACCCAGCTTGCTTT-1","T cells",1
"ACCCGTTGATGACC-1","B cells",1
"ACCCGTTGCTGCAA-1","T cells",1
"ACCCGTTGCTTCTA-1","T cells",0.840467086513667
"ACCCTCGACCTATT-1","T cells",1
"ACCCTCGACGGTAT-1","B cells",1
"ACCCTCGATAAGGA-1","Mono",1
"ACCCTCGATCAAGC-1","Mono",1
"ACCGTGCTACCAGT-1","T cells",1
"ACCGTGCTGGAACG-1","B cells",1
"ACCTATTGCTGAGT-1","B cells",0.999999999999999
"ACCTATTGTGCCCT-1","Mono",1
"ACCTCCGAGTCCTC-1","T cells",1
"ACCTCCGATATGCG-1","T cells",0.990211437179893
"ACCTCCGATGCTGA-1","T cells",0.993555811087595
"ACCTCGTGAACCAC-1","T cells",0.766326115464573
"ACCTGAGATATCGG-1","Mono",0.548948783072148
"ACCTGGCTAAGTAG-1","NK",0.914323863736285
"ACCTTTGACTCCCA-1","Mono",1
"ACCTTTGAGGAACG-1","Mono",1
"ACCTTTGAGGAAGC-1","Mono",1
"ACGAACACCTTGTT-1","T cells",0.819351960508243
"ACGAACTGGCTATG-1","Platelet",1
"ACGAAGCTCTCCAC-1","T cells",0.974883329035649
"ACGAAGCTCTGAGT-1","B cells",0.999999999999999
"ACGACCCTATCTCT-1","Mono",1
"ACGACCCTGATGAA-1","T cells",0.74219851474233
"ACGACCCTTGACAC-1","B cells",1
"ACGACCCTTGACCA-1","T cells",0.960829496575098
"ACGAGGGACAGGAG-1","Mono",1
"ACGAGGGACGAACT-1","T cells",1
"ACGAGGGATGTAGC-1","T cells",1
"ACGAGTACCCTAAG-1","B cells",1
"ACGAGTACGAATCC-1","B cells",1
"ACGATCGAGGACTT-1","NK",0.834727863050484
"ACGATCGAGTCACA-1","Mono",1
"ACGATGACAATGCC-1","T cells",1
"ACGATGACTGGTCA-1","T cells",1
"ACGATTCTACGGGA-1","T cells",0.879849226112859
"ACGCAATGGTTCAG-1","NK",0.888250093488499
"ACGCACCTGTTAGC-1","B cells",1
"ACGCCACTGAACTC-1","Mono",1
"ACGCCGGAAACCAC-1","Mono",1
"ACGCCGGAAAGCCT-1","T cells",0.941244368436565
"ACGCCGGAAATGCC-1","T cells",1
"ACGCCTTGCTCCCA-1","Mono",1
"ACGCGGTGGCGAGA-1","T cells",1
"ACGCGGTGTGTGGT-1","B cells",1
"ACGCGGTGTTTGCT-1","T cells",0.930978009965309
"ACGCTCACAGTACC-1","T cells",1
"ACGCTCACCCTTGC-1","T cells",1
"ACGCTGCTGTTCTT-1","NK",0.88102467872806
"ACGGAACTCAGATC-1","NK",0.972783577832209
"ACGGAACTGTCGTA-1","Mono",1
"ACGGAGGACTCTTA-1","Mono",1
"ACGGATTGGGAGGT-1","B cells",1
"ACGGATTGGTTAGC-1","T cells",1
"ACGGCTCTGAGCAG-1","T cells",1
"ACGGCTCTTGCACA-1","T cells",1
"ACGGTAACCGCTAA-1","T cells",1
"ACGGTAACCTTCGC-1","T cells",0.903393295928764
"ACGGTAACGGTGGA-1","T cells",0.969103091503317
"ACGGTAACTCGCAA-1","T cells",0.681403773315966
"ACGGTATGAGTCGT-1","Mono",1
"ACGGTATGGGTATC-1","B cells",1
"ACGGTATGGTTGTG-1","B cells",1
"ACGGTCCTAACGGG-1","T cells",1
"ACGGTCCTCGGGAA-1","T cells",1
"ACGTAGACAACCAC-1","T cells",0.992940122996931
"ACGTAGACTACAGC-1","B cells",0.999999999999999
"ACGTCAGAAACGAA-1","T cells",1
"ACGTCAGAGAGCTT-1","Mono",1
"ACGTCAGAGGGATG-1","T cells",0.993727796290827
"ACGTCCTGATAAGG-1","Mono",1
"ACGTCCTGTGAACC-1","Mono",1
"ACGTCGCTCCTGAA-1","T cells",0.614493231802136
"ACGTCGCTCTATTC-1","Mono",1
"ACGTCGCTTCTCAT-1","B cells",1
"ACGTGATGCCATGA-1","Mono",1
"ACGTGATGGGTCTA-1","T cells",1
"ACGTGATGTAACCG-1","Mono",0.999999999999999
"ACGTGATGTGACAC-1","NK",0.888650575571153
"ACGTGCCTCCGTAA-1","T cells",1
"ACGTGCCTTCTATC-1","T cells",0.892710617180695
"ACGTTACTTTCCAT-1","T cells",1
"ACGTTGGAAAAGCA-1","T cells",1
"ACGTTGGAAACCTG-1","T cells",0.818263622862874
"ACGTTGGACCGTAA-1","Mono",1
"ACGTTGGAGCCAAT-1","NK",0.915983517837089
"ACGTTGGATATGGC-1","B cells",1
"ACGTTGGATCAGGT-1","Mono",1
"ACGTTTACATCAGC-1","T cells",1
"ACTAAAACCCACAA-1","T cells",0.805438173384762
"ACTAAAACTCGACA-1","Mono",1
"ACTACGGAATTTCC-1","T cells",1
"ACTACGGACCTATT-1","T cells",1
"ACTACGGATCGCTC-1","T cells",1
"ACTACTACTAAGGA-1","T cells",1
"ACTAGGTGGAACCT-1","T cells",0.834613829718198
"ACTAGGTGGAACTC-1","T cells",1
"ACTATCACCTTGGA-1","T cells",0.870814754563796
"ACTATCACTGCCAA-1","T cells",0.97469425450688
"ACTCAGGACTGAAC-1","T cells",1
"ACTCAGGATCTATC-1","B cells",1
"ACTCAGGATTCGTT-1","Mono",1
"ACTCCTCTCAACTG-1","T cells",1
"ACTCGCACGAAAGT-1","Mono",1
"ACTCGCACTACGAC-1","Mono",1
"ACTCTCCTGACACT-1","T cells",1
"ACTCTCCTGCATAC-1","B cells",0.930377022293915
"ACTCTCCTGTTTGG-1","T cells",1
"ACTGAGACAACCAC-1","T cells",0.854810184726049
"ACTGAGACCCATAG-1","Mono",1
"ACTGAGACGTTGGT-1","B cells",1
"ACTGCCACACACGT-1","T cells",0.75378888608173
"ACTGCCACTCCGTC-1","NK",0.900646524309163
"ACTGGCCTTCAGTG-1","NK",0.863700173408583
"ACTGTGGACGTGTA-1","B cells",1
"ACTGTGGATCTAGG-1","B cells",1
"ACTGTTACCCACAA-1","Mono",1
"ACTGTTACTGCAGT-1","T cells",1
"ACTTAAGAACCACA-1","T cells",1
"ACTTAAGATTACTC-1","Mono",1
"ACTTAGCTGCGTAT-1","Mono",1
"ACTTAGCTGGGAGT-1","T cells",1
"ACTTCAACAAGCAA-1","T cells",0.992489291614235
"ACTTCAACGTAGGG-1","NK",0.883145278403661
"ACTTCCCTTTCCGC-1","T cells",1
"ACTTCTGACATGCA-1","B cells",1
"ACTTGACTCCACAA-1","B cells",1
"ACTTGGGAGAAAGT-1","Mono",1
"ACTTGGGAGGTTTG-1","T cells",0.868840998369085
"ACTTGGGATGTGAC-1","Mono",1
"ACTTGGGATTGACG-1","Mono",1
"ACTTGTACCTGTCC-1","T cells",1
"ACTTTGTGGAAAGT-1","T cells",1
"ACTTTGTGGATAGA-1","Mono",1
"AGAAACGAAAGTAG-1","B cells",1
"AGAAAGTGCGCAAT-1","T cells",1
"AGAAAGTGGGGATG-1","Mono",1
"AGAACAGAAATGCC-1","NK",0.873050890735195
"AGAACAGACGACTA-1","B cells",1
"AGAACAGAGACAAA-1","T cells",1
"AGAACGCTTTGCTT-1","T cells",1
"AGAAGATGTGACTG-1","T cells",1
"AGAATGGAAGAAGT-1","T cells",0.874342721318101
"AGAATTTGTAACCG-1","T cells",1
"AGAATTTGTAGAGA-1","T cells",1
"AGACACACTGTAGC-1","T cells",1
"AGACACTGTCAAGC-1","Mono",1
"AGACCTGAAGTAGA-1","Mono",1
"AGACCTGACCAACA-1","T cells",1
"AGACCTGAGGAAGC-1","T cells",0.822041897938546
"AGACGTACAGAGGC-1","T cells",1
"AGACGTACCCCTAC-1","B cells",1
"AGACGTACCTCTTA-1","Mono",1
"AGACGTACTCGTGA-1","Mono",1
"AGACTGACCATCAG-1","T cells",0.785505961862645
"AGACTGACCCTTTA-1","T cells",1
"AGACTTCTCATGCA-1","B cells",1
"AGAGATGACAGTCA-1","B cells",1
"AGAGATGACTGAAC-1","T cells",0.984258984019206
"AGAGATGAGGTTTG-1","Mono",1
"AGAGATGATCTCGC-1","B cells",1
"AGAGATGATTGTGG-1","T cells",0.942728097083586
"AGAGCGGAGGCAAG-1","Mono",1
"AGAGTCTGGTCGTA-1","Mono",1
"AGAGTGCTCAGCTA-1","T cells",1
"AGAGTGCTCGAATC-1","T cells",1
"AGAGTGCTGTCATG-1","T cells",1
"AGAGTGCTGTCCTC-1","T cells",0.879801712342075
"AGAGTGCTGTGTTG-1","B cells",1
"AGATATACCCGTAA-1","NK",0.902404085209531
"AGATATACGATGAA-1","T cells",1
"AGATATACTGTTCT-1","B cells",1
"AGATATTGCCTACC-1","T cells",0.757289113281109
"AGATATTGGCCAAT-1","Mono",1
"AGATCGTGTCTGGA-1","Mono",1
"AGATCGTGTTTGTC-1","B cells",1
"AGATCTCTATCACG-1","B cells",1
"AGATTAACGTTCTT-1","Mono",1
"AGATTCCTATCGTG-1","T cells",1
"AGATTCCTCACTTT-1","Mono",1
"AGATTCCTGACGAG-1","Mono",1
"AGATTCCTGTTCAG-1","NK",0.942277045342617
"AGCAAAGATATGCG-1","T cells",1
"AGCACAACAGTCTG-1","T cells",0.981995118090743
"AGCACTGAGGGAGT-1","T cells",1
"AGCACTGATATGCG-1","T cells",0.992989057628673
"AGCACTGATGCTTT-1","Mono",1
"AGCACTGATTGCGA-1","T cells",1
"AGCATCGAAGATCC-1","T cells",1
"AGCATCGAAGGGTG-1","B cells",1
"AGCATCGAGCTTCC-1","Mono",1
"AGCATCGAGTGAGG-1","T cells",1
"AGCATCGATAACCG-1","Mono",1
"AGCATGACGATGAA-1","T cells",0.897638068796163
"AGCCAATGGGGAGT-1","Mono",1
"AGCCAATGTATCTC-1","T cells",1
"AGCCACCTGGATCT-1","T cells",0.905160294476809
"AGCCGGTGCCAATG-1","T cells",1
"AGCCGGTGTGTTTC-1","T cells",1
"AGCCGTCTCAATCG-1","T cells",1
"AGCCGTCTGAGAGC-1","T cells",1
"AGCCTCACGTTCGA-1","T cells",1
"AGCCTCACTGTCAG-1","Mono",1
"AGCCTCTGCAGTTG-1","B cells",1
"AGCCTCTGCCAATG-1","NK",0.876312186584326
"AGCGAACTGGATCT-1","T cells",0.98186961649171
"AGCGAACTTACTGG-1","T cells",1
"AGCGATACGGAGCA-1","T cells",1
"AGCGATTGAGATCC-1","NK",0.923757665683119
"AGCGCCGAATCTCT-1","T cells",0.991573881359812
"AGCGCCGACAGAGG-1","T cells",0.991476095984196
"AGCGCTCTACCTTT-1","T cells",1
"AGCGGCACCGGGAA-1","T cells",1
"AGCGGCTGATGTGC-1","T cells",1
"AGCGGGCTTGCCAA-1","T cells",0.992025297525299
"AGCGTAACATGCTG-1","T cells",1
"AGCGTAACTGAGAA-1","Mono",1
"AGCTCGCTACTGGT-1","T cells",1
"AGCTCGCTCTGCTC-1","T cells",1
"AGCTGAACCATACG-1","Mono",1
"AGCTGAACCTCTCG-1","T cells",1
"AGCTGCCTTGGGAG-1","Mono",1
"AGCTGCCTTTCATC-1","T cells",0.996677903416846
"AGCTGCCTTTCTGT-1","T cells",0.972301804031921
"AGCTGTGATCCAAG-1","T cells",1
"AGCTTTACAAGTAG-1","T cells",1
"AGCTTTACACCAAC-1","T cells",0.865712023961427
"AGCTTTACTCTCAT-1","B cells",1
"AGGAAATGAGGAGC-1","T cells",0.923325089353468
"AGGAACCTCTTAGG-1","Mono",1
"AGGAACCTTGCCTC-1","T cells",0.810041890222925
"AGGAATGATAACGC-1","T cells",0.932257089222314
"AGGAATGATTTGTC-1","T cells",1
"AGGAGTCTGGTTTG-1","T cells",1
"AGGAGTCTTGTCAG-1","T cells",0.987532378104263
"AGGATAGACATTTC-1","T cells",1
"AGGATAGAGGATTC-1","T cells",0.924258776022527
"AGGATGCTACTAGC-1","B cells",1
"AGGATGCTTTAGGC-1","NK",0.958552618408118
"AGGCAACTGAAGGC-1","T cells",1
"AGGCAGGAGTACCA-1","T cells",0.765334155810497
"AGGCCTCTAGTCGT-1","T cells",1
"AGGCCTCTCGGAGA-1","T cells",1
"AGGCCTCTCGTAAC-1","T cells",1
"AGGGACGACGTTGA-1","T cells",1
"AGGGACGAGTCAAC-1","NK",0.920342249539697
"AGGGACGAGTTGTG-1","T cells",0.986238641710005
"AGGGACGATAGAGA-1","T cells",0.873959706586534
"AGGGACGATGCATG-1","T cells",0.818297732776245
"AGGGAGTGAGCCTA-1","T cells",1
"AGGGCCACCATACG-1","T cells",1
"AGGGCGCTAACCAC-1","Mono",1
"AGGGCGCTATGGTC-1","T cells",0.977503818872155
"AGGGTGGACAGTCA-1","B cells",1
"AGGGTGGACTCAAG-1","Mono",1
"AGGGTGGAGTTGCA-1","T cells",0.853398693211174
"AGGGTTTGTTCATC-1","Mono",1
"AGGTCATGAGTGTC-1","B cells",1
"AGGTCATGCTTATC-1","T cells",0.798673704996453
"AGGTCTGATTCTCA-1","Mono",1
"AGGTGGGAAGAATG-1","T cells",1
"AGGTGGGAAGTTCG-1","T cells",1
"AGGTGTTGGTTACG-1","B cells",1
"AGGTTCGAACCTCC-1","Mono",1
"AGGTTCGAACGTAC-1","Mono",1
"AGGTTCGAGGGTGA-1","T cells",1
"AGTAAGGAGTTTGG-1","T cells",1
"AGTAAGGATTCTTG-1","T cells",1
"AGTAATACATCACG-1","NK",0.934556790677723
"AGTAATACCGAACT-1","B cells",1
"AGTAATTGTCCCAC-1","T cells",1
"AGTACGTGAGGGTG-1","T cells",1
"AGTACGTGCTGCAA-1","T cells",1
"AGTACGTGCTTGGA-1","T cells",1
"AGTACTCTACGTGT-1","B cells",1
"AGTACTCTCAACCA-1","T cells",0.910146315558033
"AGTACTCTCGGTAT-1","T cells",1
"AGTAGGCTTGCCTC-1","Mono",1
"AGTATAACTTGTCT-1","Mono",1
"AGTATCCTAGAACA-1","T cells",1
"AGTCACGATGAGCT-1","NK",0.840055943166041
"AGTCAGACGAATAG-1","T cells",1
"AGTCAGACGCTTAG-1","T cells",0.809717445692512
"AGTCAGACTAGAGA-1","T cells",0.724038711497571
"AGTCAGACTGCACA-1","T cells",0.995388195706035
"AGTCCAGATATCTC-1","T cells",1
"AGTCCAGATTTCAC-1","T cells",0.987390315286349
"AGTCGAACCAACCA-1","T cells",0.994299025199248
"AGTCGCCTCCGTAA-1","T cells",1
"AGTCTACTAGGGTG-1","Mono",1
"AGTCTACTTGCATG-1","Mono",1
"AGTCTTACACCACA-1","T cells",1
"AGTCTTACTTCGCC-1","T cells",0.728417860348294
"AGTCTTACTTCGGA-1","Platelet",1
"AGTGACTGCAACTG-1","Mono",1
"AGTGTTCTAACCTG-1","T cells",1
"AGTGTTCTATAAGG-1","T cells",0.917544152696742
"AGTGTTCTCACTTT-1","Mono",1
"AGTTAAACCACTTT-1","T cells",1
"AGTTATGAACAGTC-1","Mono",1
"AGTTATGACTGAGT-1","T cells",0.953339752772636
"AGTTATGAGTTCAG-1","T cells",1
"AGTTCTACCAGCTA-1","Mono",1
"AGTTCTTGAAGCCT-1","T cells",0.785351472622235
"AGTTGTCTACTACG-1","T cells",1
"AGTTTAGATGGTCA-1","T cells",0.912334113221151
"AGTTTCACGGTCTA-1","T cells",0.962232534104259
"AGTTTGCTACAGTC-1","T cells",1
"AGTTTGCTACTGGT-1","NK",0.983648290804995
"AGTTTGCTCCAAGT-1","T cells",1
"ATAAACACAGTGCT-1","B cells",1
"ATAAACACCACCAA-1","T cells",1
"ATAACAACATGCTG-1","Mono",1
"ATAACAACGTCTAG-1","T cells",0.979393582606217
"ATAACAACTTTGTC-1","T cells",1
"ATAACATGTACTCT-1","T cells",1
"ATAACCCTGTTGGT-1","T cells",0.800974522919844
"ATAACCCTTGGTAC-1","T cells",0.980331529301385
"ATAAGTACGAATGA-1","B cells",1
"ATAAGTTGGTACGT-1","Mono",1
"ATAAGTTGTCTAGG-1","T cells",0.895725214382657
"ATAATCGAGCTGAT-1","B cells",1
"ATAATCGATGGTTG-1","T cells",0.95604923762785
"ATAATGACCTACTT-1","T cells",1
"ATAATGACTCGTGA-1","Mono",1
"ATACAATGTTAGGC-1","T cells",1
"ATACCACTCGTACA-1","Mono",1
"ATACCACTCTAAGC-1","Mono",1
"ATACCACTGCCAAT-1","NK",0.917592657200443
"ATACCGGAATGCTG-1","Mono",1
"ATACCGGACATTTC-1","Mono",1
"ATACCGGACTTCGC-1","T cells",1
"ATACCGGAGGTGTT-1","Mono",1
"ATACCGGATCTCGC-1","T cells",0.96253339409983
"ATACCTACGCATCA-1","T cells",0.975493193249299
"ATACCTTGGGGCAA-1","T cells",1
"ATACGGACAGACTC-1","Mono",1
"ATACGGACCTACTT-1","Mono",1
"ATACGGACGAGGTG-1","B cells",1
"ATACGGACTATGCG-1","B cells",1
"ATACGGACTCTGGA-1","Mono",1
"ATACGTCTTAACGC-1","Mono",1
"ATACTCTGCTTCGC-1","Mono",1
"ATACTCTGGTATGC-1","NK",0.926046358816249
"ATAGATACCATGGT-1","T cells",1
"ATAGATACGACGAG-1","T cells",0.982869742826913
"ATAGATTGGTGTAC-1","B cells",1
"ATAGCCGAACGGAG-1","T cells",1
"ATAGCGTGCAGATC-1","T cells",0.988827056077083
"ATAGCGTGCCCTTG-1","Mono",1
"ATAGCGTGGTATCG-1","Mono",1
"ATAGCGTGTCTCTA-1","T cells",0.986499826055714
"ATAGCTCTCTGATG-1","T cells",1
"ATAGCTCTGAGGTG-1","T cells",0.977014159015673
"ATAGGAGAAACAGA-1","Mono",1
"ATAGGCTGTCAGAC-1","T cells",1
"ATAGTCCTAGTGTC-1","Mono",1
"ATAGTCCTTGCATG-1","T cells",0.687361845511598
"ATAGTCCTTGTCGA-1","T cells",0.995098716609402
"ATAGTTGACAACTG-1","T cells",1
"ATAGTTGACCCTCA-1","Mono",1
"ATAGTTGAGACGTT-1","T cells",0.97890909681793
"ATAGTTGATAAGCC-1","T cells",1
"ATATACGAAGCCAT-1","T cells",0.983956850699789
"ATATACGAATTGGC-1","T cells",1
"ATATAGTGGAATGA-1","Mono",1
"ATATGCCTAGATCC-1","Mono",1
"ATATGCCTGGACAG-1","T cells",1
"ATATGCCTTCTCTA-1","T cells",1
"ATATGCCTTGGTAC-1","T cells",1
"ATCAAATGAGCCTA-1","Mono",1
"ATCAAATGGGTAAA-1","Mono",1
"ATCAACCTAAACGA-1","T cells",1
"ATCAACCTGAGGAC-1","T cells",0.979500515905899
"ATCAACCTTCTCTA-1","T cells",0.89821936376598
"ATCAACCTTTGTCT-1","T cells",0.739569273311162
"ATCACACTTTGTCT-1","T cells",1
"ATCACGGATTTCGT-1","B cells",1
"ATCATCTGACACCA-1","Platelet",1
"ATCATGCTAGAGTA-1","T cells",0.928059347951648
"ATCATGCTGAACCT-1","B cells",1
"ATCCAGGACGCTAA-1","Mono",1
"ATCCAGGATGGAAA-1","T cells",1
"ATCCATACTCCTTA-1","Mono",1
"ATCCATACTTCATC-1","Mono",1
"ATCCCGTGCAGTCA-1","NK",0.901077029537832
"ATCCCGTGCATGCA-1","B cells",1
"ATCCCGTGGCTGAT-1","B cells",1
"ATCCGCACGCATCA-1","B cells",1
"ATCCTAACGACGGA-1","B cells",1
"ATCCTAACGCTACA-1","T cells",0.981772268916144
"ATCGACGAAACTGC-1","Mono",1
"ATCGACGAATGACC-1","T cells",1
"ATCGAGTGGACGTT-1","T cells",0.8586830645012
"ATCGCAGAATCTCT-1","Mono",1
"ATCGCAGAGTGTCA-1","B cells",1
"ATCGCCACTGAGGG-1","T cells",0.87571089886215
"ATCGCCTGGGTCAT-1","T cells",1
"ATCGCCTGTGGCAT-1","B cells",1
"ATCGCGCTCAGAGG-1","Mono",0.999999999999999
"ATCGCGCTGGGATG-1","T cells",1
"ATCGCGCTTTTCGT-1","B cells",1
"ATCGGAACCAGTCA-1","T cells",1
"ATCGGTGAGTCAAC-1","T cells",1
"ATCGGTGATTGCAG-1","T cells",1
"ATCGTTTGCCTACC-1","Mono",1
"ATCGTTTGGGTACT-1","Mono",1
"ATCGTTTGTGCCAA-1","Mono",1
"ATCTACACCCGCTT-1","Mono",1
"ATCTACACCGGGAA-1","T cells",1
"ATCTCAACAGGAGC-1","B cells",1
"ATCTCAACCTCGAA-1","T cells",1
"ATCTCAACCTTGTT-1","Mono",1
"ATCTGGGAAACCAC-1","Mono",1
"ATCTGGGAAGTGTC-1","Mono",1
"ATCTGGGATTCCGC-1","T cells",0.803504909570731
"ATCTGTTGAACGGG-1","T cells",1
"ATCTGTTGACCTCC-1","T cells",0.994493463012478
"ATCTGTTGCCTTCG-1","Mono",1
"ATCTGTTGGTTGCA-1","T cells",1
"ATCTTGACACCAAC-1","T cells",1
"ATCTTGACCTCCCA-1","Mono",1
"ATCTTTCTGCATCA-1","T cells",0.857402596669047
"ATCTTTCTGTTTCT-1","T cells",0.726039369700721
"ATCTTTCTTGTCCC-1","NK",0.953289402625201
"ATGAAACTCTGTGA-1","T cells",0.945989401324389
"ATGAAACTGAGGCA-1","T cells",1
"ATGAAGGAACAGCT-1","T cells",0.739863548222961
"ATGAAGGACCTGTC-1","B cells",1
"ATGAAGGACCTTAT-1","B cells",1
"ATGAAGGACTAGTG-1","B cells",1
"ATGAAGGACTTGCC-1","NK",0.926293325856435
"ATGACGTGACGACT-1","B cells",1
"ATGACGTGATCGGT-1","Mono",1
"ATGAGAGAAAGTGA-1","T cells",0.99376753994189
"ATGAGAGAACGCAT-1","T cells",1
"ATGAGAGAAGTAGA-1","B cells",1
"ATGAGCACACAGCT-1","T cells",1
"ATGAGCACATCTTC-1","T cells",1
"ATGATAACTTCACT-1","NK",0.848899137297028
"ATGATATGAAACAG-1","T cells",1
"ATGATATGACTGGT-1","T cells",1
"ATGATATGAGCACT-1","T cells",1
"ATGATATGGTCATG-1","T cells",0.992757813536579
"ATGATATGGTGCTA-1","NK",0.907450064720578
"ATGATATGTTGTCT-1","Mono",1
"ATGCACGAATGTCG-1","B cells",1
"ATGCACGACTGTAG-1","T cells",0.991265726774615
"ATGCACGAGAACCT-1","B cells",1
"ATGCACGAGTTCGA-1","T cells",1
"ATGCACGATTGGTG-1","Mono",1
"ATGCAGTGTTACCT-1","B cells",1
"ATGCAGTGTTCTAC-1","T cells",0.98017359771846
"ATGCCAGAACGACT-1","T cells",1
"ATGCCAGACAGTCA-1","Mono",1
"ATGCCGCTTGAACC-1","Mono",1
"ATGCGATGCTATGG-1","Mono",1
"ATGCGATGCTGAGT-1","T cells",0.981629818089454
"ATGCGATGGTTACG-1","B cells",1
"ATGCGCCTTCATTC-1","T cells",0.987853797564575
"ATGCTTTGCGAATC-1","T cells",0.972943107329593
"ATGCTTTGGGCGAA-1","T cells",0.894191394777276
"ATGCTTTGTAGTCG-1","B cells",1
"ATGGACACATCGGT-1","T cells",0.996692028136166
"ATGGACACGCATCA-1","NK",0.950663754415898
"ATGGGTACAACCTG-1","B cells",1
"ATGGGTACATCGGT-1","NK",0.917394148335998
"ATGGGTACTATTCC-1","T cells",1
"ATGGGTACTGGGAG-1","T cells",1
"ATGTAAACACCTCC-1","T cells",1
"ATGTAAACCCGCTT-1","T cells",1
"ATGTAAACGGGATG-1","Mono",1
"ATGTAAACTCTCCG-1","T cells",0.912853291441055
"ATGTAAACTTCACT-1","Mono",1
"ATGTACCTCAGTCA-1","T cells",0.996318205949065
"ATGTACCTTAGTCG-1","T cells",1
"ATGTACCTTTATCC-1","Mono",1
"ATGTACCTTTCACT-1","T cells",0.883407357501605
"ATGTCACTAATGCC-1","Mono",1
"ATGTCACTCTGCTC-1","T cells",1
"ATGTCGGAGGTGAG-1","T cells",1
"ATGTTCACAGTCTG-1","Mono",1
"ATGTTCACCGTAGT-1","T cells",1
"ATGTTGCTTTCAGG-1","T cells",1
"ATTAACGATGAGAA-1","NK",0.908343292814762
"ATTAACGATGCAAC-1","T cells",0.911445430346253
"ATTAAGACTGCAGT-1","T cells",1
"ATTACCTGCCTTAT-1","Mono",1
"ATTACCTGGAGGAC-1","Mono",1
"ATTAGATGTTTCAC-1","T cells",1
"ATTATGGAATCTCT-1","T cells",1
"ATTCAAGAACGGGA-1","T cells",1
"ATTCAAGACCTTTA-1","T cells",0.986524139061253
"ATTCAGCTCATTGG-1","Platelet",1
"ATTCCAACCATTGG-1","Mono",1
"ATTCCAACTTAGGC-1","NK",0.930599140823711
"ATTCGACTCACTAG-1","T cells",0.971588182570815
"ATTCGACTGAATAG-1","Mono",1
"ATTCGACTTTTGTC-1","Mono",1
"ATTCGGGAAAGGCG-1","Mono",1
"ATTCGGGATTAGGC-1","T cells",1
"ATTCTTCTGATACC-1","T cells",0.984680476215697
"ATTGAATGGACGGA-1","T cells",0.993393634713738
"ATTGATGAAGGTTC-1","T cells",1
"ATTGATGACTGAGT-1","T cells",0.994274666730534
"ATTGATGAGCGAAG-1","T cells",1
"ATTGATGATCTATC-1","T cells",0.988816781181827
"ATTGCACTGACGGA-1","T cells",1
"ATTGCACTGAGAGC-1","Mono",1
"ATTGCACTGGAGCA-1","Mono",1
"ATTGCACTTAGCCA-1","T cells",1
"ATTGCACTTGCTTT-1","Mono",1
"ATTGCTTGTTACTC-1","B cells",1
"ATTGGTCTGACTAC-1","B cells",1
"ATTGGTCTTGTCTT-1","B cells",1
"ATTGTAGATTCCCG-1","Mono",1
"ATTGTAGATTGCAG-1","T cells",0.970189400721384
"ATTGTCTGCGTACA-1","T cells",1
"ATTTAGGAACCATG-1","Mono",1
"ATTTAGGACAGAGG-1","T cells",1
"ATTTCCGAGATGAA-1","T cells",1
"ATTTCCGAGTGCTA-1","T cells",1
"ATTTCGTGTATGGC-1","T cells",0.770053724585628
"ATTTCTCTACTTTC-1","Mono",1
"ATTTCTCTAGCAAA-1","T cells",1
"ATTTCTCTCACTTT-1","Mono",1
"ATTTCTCTTCCCAC-1","T cells",1
"ATTTGCACAAGATG-1","Mono",1
"CAAAGCACAGCTCA-1","T cells",1
"CAAAGCACCGTAAC-1","B cells",1
"CAAAGCACGGTAAA-1","T cells",0.634241894738533
"CAAAGCTGAAAGTG-1","T cells",0.938300732450715
"CAAAGCTGTTGCTT-1","Mono",1
"CAAATATGTGACAC-1","T cells",0.881796492996477
"CAAATTGAGGGCAA-1","T cells",0.990852930932645
"CAAATTGATGGAGG-1","Mono",1
"CAACCAGAAAAGTG-1","T cells",1
"CAACCAGAAGTGCT-1","T cells",1
"CAACCAGAGTTCAG-1","Mono",1
"CAACCAGATAGAAG-1","Mono",1
"CAACCGCTGTTCAG-1","T cells",0.887175949977139
"CAACCGCTTTGAGC-1","T cells",1
"CAACGATGCGCAAT-1","Mono",1
"CAACGTGACTCCAC-1","Mono",1
"CAACGTGAGCCATA-1","T cells",0.963532532878257
"CAACGTGATCAAGC-1","Mono",1
"CAAGAAGACCACAA-1","T cells",0.76901930052921
"CAAGAAGACGTCTC-1","Mono",1
"CAAGAAGATTCTAC-1","T cells",0.987177865093495
"CAAGACTGACCTGA-1","B cells",1
"CAAGACTGAGTAGA-1","B cells",1
"CAAGCTGACCATAG-1","Mono",1
"CAAGCTGATCTATC-1","T cells",0.876261001128991
"CAAGGACTGTTCAG-1","T cells",1
"CAAGGACTTCTTTG-1","T cells",0.723904808333147
"CAAGGTTGCTCCAC-1","T cells",1
"CAAGGTTGTCATTC-1","B cells",1
"CAAGGTTGTCTGGA-1","NK",0.953275171096471
"CAAGTCGAAACAGA-1","B cells",1
"CAAGTCGATAGCGT-1","Mono",1
"CAATAAACGCCATA-1","Mono",1
"CAATAATGAACTGC-1","Mono",1
"CAATATGACATGGT-1","T cells",1
"CAATATGACCTTCG-1","T cells",0.954012803281915
"CAATATGACGTTAG-1","T cells",1
"CAATATGAGGAGCA-1","T cells",1
"CAATCGGAGAAACA-1","T cells",1
"CAATCTACTGACTG-1","NK",0.939938559868924
"CAATTCACCCAACA-1","T cells",0.921809352644499
"CAATTCACGATAGA-1","T cells",0.994940941281772
"CAATTCACTTGTGG-1","T cells",1
"CAATTCTGCTTGTT-1","Mono",1
"CAATTCTGGCGTAT-1","Mono",1
"CACAACGATACGAC-1","T cells",1
"CACAATCTTGTTCT-1","T cells",0.89827510889633
"CACAATCTTTCCAT-1","T cells",0.807542559758005
"CACACCTGCTTGAG-1","T cells",1
"CACACCTGTATGGC-1","T cells",1
"CACAGAACCCTTGC-1","B cells",1
"CACAGAACCTGATG-1","T cells",1
"CACAGATGGGATTC-1","T cells",0.982878091341087
"CACAGATGGTTTCT-1","Mono",1
"CACAGCCTGATACC-1","T cells",1
"CACAGCCTTGCCAA-1","Mono",1
"CACAGCCTTGTAGC-1","T cells",1
"CACAGTGATGAAGA-1","Mono",1
"CACATACTACAGCT-1","T cells",0.726077982351815
"CACATGGAACACGT-1","T cells",1
"CACATGGAAGTCGT-1","T cells",0.981079950258413
"CACCACTGCCAACA-1","T cells",0.96909310249007
"CACCACTGGCGAAG-1","NK",1
"CACCCATGTTCTGT-1","T cells",0.805949373877232
"CACCGGGAATCGAC-1","T cells",1
"CACCGGGACGAGAG-1","T cells",0.7879950733715
"CACCGGGACGTGTA-1","T cells",1
"CACCGGGACTTCTA-1","T cells",0.994309438093817
"CACCGGGACTTGCC-1","T cells",0.869032359759574
"CACCGGGATTCGGA-1","T cells",0.911950358615785
"CACCGTACTAAGGA-1","B cells",1
"CACCGTACTAGCGT-1","T cells",1
"CACCTGACACCCAA-1","T cells",0.918477984127804
"CACCTGACCAGAAA-1","T cells",0.99103774871929
"CACCTGACCTCAAG-1","T cells",0.838051894695726
"CACCTGACGAAAGT-1","B cells",1
"CACCTGACTCGTAG-1","T cells",1
"CACGAAACTTCCGC-1","B cells",1
"CACGACCTCGATAC-1","B cells",1
"CACGCTACAGAAGT-1","T cells",0.972052254708277
"CACGCTACTGTTCT-1","B cells",1
"CACGGGACAGAGTA-1","T cells",1
"CACGGGACATAAGG-1","T cells",1
"CACGGGACGTAGGG-1","T cells",1
"CACGGGTGCTTCGC-1","T cells",0.767426441288016
"CACGGGTGGAGGAC-1","NK",0.901572165286222
"CACGGGTGTGTTTC-1","T cells",1
"CACTAACTCCTAAG-1","B cells",1
"CACTAACTGAAAGT-1","T cells",1
"CACTAGGATGATGC-1","B cells",1
"CACTATACCCCGTT-1","B cells",1
"CACTATACGTTTGG-1","T cells",0.922807400952938
"CACTGAGACAGTCA-1","Mono",1
"CACTGCACTTCATC-1","T cells",1
"CACTGCTGAGACTC-1","Mono",1
"CACTGCTGGAAAGT-1","T cells",1
"CACTTAACCGAATC-1","T cells",1
"CACTTAACCGTACA-1","B cells",1
"CACTTTGACTCTAT-1","T cells",0.962162405332047
"CACTTTGAGCTGTA-1","T cells",0.568082296535363
"CAGAAGCTCTCAAG-1","T cells",1
"CAGACATGAACGGG-1","T cells",0.990655359999766
"CAGACATGTCGACA-1","T cells",1
"CAGACCCTAAGGTA-1","Mono",1
"CAGACCCTAATGCC-1","T cells",1
"CAGACCCTAGGAGC-1","T cells",1
"CAGACTGAGTATGC-1","T cells",1
"CAGATCGAATGTCG-1","B cells",1
"CAGATCGACCTGAA-1","T cells",0.826711184331812
"CAGATCGATATGGC-1","T cells",1
"CAGATGACATTCTC-1","NK",0.957635818309148
"CAGCAATGCCTTCG-1","T cells",1
"CAGCAATGGAGGGT-1","NK",0.94366683146311
"CAGCAATGGTGCTA-1","T cells",1
"CAGCAATGTCTACT-1","Mono",1
"CAGCAATGTGACCA-1","T cells",0.994913979206101
"CAGCAATGTGAGGG-1","Mono",1
"CAGCACCTAAGCCT-1","T cells",0.991706975906344
"CAGCACCTAGGCGA-1","T cells",1
"CAGCACCTGTAGGG-1","Mono",1
"CAGCATGACAACCA-1","Mono",1
"CAGCATGAGACGTT-1","T cells",0.821574806098332
"CAGCCTACCCAACA-1","T cells",1
"CAGCCTTGCTACCC-1","Mono",1
"CAGCCTTGGGGACA-1","T cells",1
"CAGCGGACACCCTC-1","T cells",1
"CAGCGGACCTTTAC-1","NK",0.934795847269669
"CAGCGTCTAAAGCA-1","T cells",1
"CAGCGTCTTATCGG-1","T cells",1
"CAGCTAGATGTGAC-1","Mono",1
"CAGCTCTGAGGCGA-1","T cells",1
"CAGCTCTGCAAGCT-1","T cells",0.891145096774709
"CAGCTCTGTCGTAG-1","Mono",1
"CAGCTCTGTGTGGT-1","NK",0.911103796225067
"CAGGAACTAACTGC-1","T cells",0.544561115061286
"CAGGAACTCTCAGA-1","Mono",1
"CAGGCCGAACACCA-1","T cells",1
"CAGGCCGAACACGT-1","T cells",1
"CAGGCCGAACGACT-1","T cells",1
"CAGGCCGAATCTCT-1","Mono",1
"CAGGCCGACTAGCA-1","B cells",1
"CAGGGCACCATACG-1","B cells",1
"CAGGGCACCCAACA-1","T cells",1
"CAGGGCACTCCCGT-1","T cells",1
"CAGGTAACAGACTC-1","Mono",1
"CAGGTATGAGTCGT-1","T cells",1
"CAGGTATGTGCTTT-1","T cells",1
"CAGGTTGAGGATCT-1","B cells",1
"CAGTGATGGACGGA-1","B cells",1
"CAGTGATGGCTAAC-1","T cells",0.893591215845344
"CAGTGATGGGACAG-1","T cells",1
"CAGTGATGTAAGGA-1","B cells",1
"CAGTGATGTACGCA-1","B cells",1
"CAGTGTGATGTCAG-1","T cells",1
"CAGTTACTAAGGTA-1","B cells",1
"CAGTTACTGATAGA-1","T cells",1
"CAGTTGGAAAGAGT-1","Mono",1
"CAGTTGGACATACG-1","T cells",1
"CAGTTTACACACGT-1","NK",0.771662280148713
"CAGTTTACCCCAAA-1","T cells",1
"CATAAAACGGAGCA-1","Mono",1
"CATAAATGAACTGC-1","T cells",1
"CATAACCTTCTCCG-1","T cells",0.988842319319701
"CATACTACCTCGAA-1","T cells",0.986377142753109
"CATACTACCTGAAC-1","T cells",1
"CATACTACGTACCA-1","Mono",1
"CATACTTGGGTTAC-1","Mono",1
"CATAGTCTAATCGC-1","T cells",0.97692405081032
"CATAGTCTCACTTT-1","T cells",1
"CATATAGACTAAGC-1","Mono",1
"CATATAGATCAGGT-1","B cells",1
"CATCAACTAGAAGT-1","T cells",1
"CATCAACTCCCTCA-1","T cells",1
"CATCAGGACTTCCG-1","NK",0.913643484852907
"CATCAGGATAGCCA-1","NK",0.941718779653504
"CATCAGGATCCTAT-1","Mono",1
"CATCAGGATGCACA-1","Mono",1
"CATCAGGATTTCGT-1","Mono",1
"CATCATACCGCATA-1","Mono",1
"CATCATACGGAGCA-1","B cells",1
"CATCATACTCAAGC-1","T cells",1
"CATCGCTGGGATCT-1","T cells",1
"CATCGCTGTGGCAT-1","B cells",1
"CATCGGCTATGCTG-1","T cells",1
"CATCGGCTTTGGCA-1","T cells",1
"CATCTCCTATGTGC-1","B cells",1
"CATCTCCTCGAACT-1","Mono",1
"CATGAGACACGGGA-1","B cells",1
"CATGAGACGTTGAC-1","NK",0.856294451165549
"CATGAGACTCGCCT-1","T cells",0.995267522521604
"CATGCCACGGGTGA-1","T cells",0.832306462005453
"CATGCCACTGCCAA-1","T cells",1
"CATGCGCTAGTCAC-1","Mono",1
"CATGCGCTCAGATC-1","Mono",1
"CATGCGCTTTGCAG-1","Mono",1
"CATGGCCTAGGGTG-1","Mono",1
"CATGGCCTGTGCAT-1","T cells",1
"CATGTACTATCGTG-1","T cells",0.859557948528064
"CATGTTACAGTCGT-1","T cells",0.613640711131498
"CATGTTACCTGAGT-1","T cells",0.805995182174426
"CATGTTTGGGGATG-1","Mono",1
"CATTACACACGGAG-1","B cells",1
"CATTACACCAACTG-1","NK",0.838969284250077
"CATTACACGGAGTG-1","T cells",1
"CATTACACTACTCT-1","T cells",1
"CATTAGCTCCACAA-1","Mono",1
"CATTGACTAGCGGA-1","Mono",1
"CATTGGGACTCGAA-1","T cells",1
"CATTGTACAGCGTT-1","T cells",1
"CATTGTACTCGATG-1","B cells",1
"CATTGTACTTATCC-1","T cells",1
"CATTGTACTTTGCT-1","Mono",1
"CATTGTTGCTAGTG-1","T cells",1
"CATTTCGACTCTAT-1","T cells",0.954755876790699
"CATTTCGAGATACC-1","NK",0.894800254949427
"CATTTGACCACACA-1","T cells",0.88826342354743
"CATTTGACCCTGAA-1","T cells",0.746103512754203
"CATTTGTGACGACT-1","B cells",1
"CATTTGTGCATTGG-1","T cells",0.976992180286823
"CATTTGTGCGGAGA-1","T cells",1
"CATTTGTGGGATCT-1","B cells",1
"CCAAAGTGCTACGA-1","Mono",1
"CCAAAGTGTGAGAA-1","Mono",1
"CCAACCTGAAGTAG-1","T cells",0.780540740241561
"CCAACCTGACGTAC-1","Mono",1
"CCAACCTGTTCGCC-1","Mono",1
"CCAAGAACCCAATG-1","T cells",1
"CCAAGAACGTAGCT-1","T cells",1
"CCAAGAACGTGTCA-1","T cells",1
"CCAAGAACTACTGG-1","T cells",0.931267836378898
"CCAAGAACTCCTAT-1","B cells",1
"CCAAGATGTCATTC-1","T cells",1
"CCAAGATGTTTCAC-1","T cells",1
"CCAAGTGAGGAACG-1","T cells",1
"CCAAGTGATCAAGC-1","T cells",0.993726302492979
"CCAATTTGAACGTC-1","Mono",1
"CCACCATGAACGTC-1","T cells",1
"CCACCATGATCGGT-1","T cells",1
"CCACCATGGACGAG-1","Mono",1
"CCACCATGGGGAGT-1","T cells",0.988881448664845
"CCACCATGTCCTGC-1","T cells",0.813128620452635
"CCACTGACCCGCTT-1","Mono",1
"CCACTGTGGGAAGC-1","Mono",1
"CCACTGTGTGTAGC-1","T cells",1
"CCACTTCTCGGGAA-1","Mono",1
"CCAGAAACCCTGTC-1","B cells",1
"CCAGAAACGAACTC-1","T cells",0.979851770505724
"CCAGAAACGGTCTA-1","T cells",1
"CCAGACCTCTGAGT-1","Mono",1
"CCAGACCTTGTGGT-1","T cells",0.993087137655914
"CCAGCACTGCGATT-1","Mono",1
"CCAGCGGAAAGGCG-1","Mono",1
"CCAGCGGACGACTA-1","Mono",1
"CCAGCGGATGGGAG-1","T cells",1
"CCAGCTACACAGTC-1","T cells",1
"CCAGCTACCAGCTA-1","B cells",1
"CCAGGTCTACACCA-1","B cells",1
"CCAGGTCTAGCATC-1","Mono",1
"CCAGGTCTATGGTC-1","T cells",1
"CCAGTCACACTGGT-1","Mono",1
"CCAGTCACACTGTG-1","B cells",1
"CCAGTCACGTTGTG-1","T cells",1
"CCAGTGCTAACCAC-1","T cells",1
"CCAGTGCTCGTAGT-1","T cells",1
"CCATCCGAAAGCAA-1","T cells",1
"CCATCCGAACGACT-1","T cells",0.815462790363683
"CCATCCGAAGGTTC-1","B cells",1
"CCATCCGATTCGCC-1","Mono",1
"CCATCGTGAACGGG-1","T cells",1
"CCATCGTGCTAGAC-1","Mono",1
"CCCAACACCTCGCT-1","B cells",1
"CCCAACACGCATCA-1","T cells",0.991357662176209
"CCCAACACTTTGTC-1","Mono",1
"CCCAACTGCAATCG-1","Mono",1
"CCCAGACTGCCTTC-1","Mono",1
"CCCAGACTGGTTTG-1","B cells",1
"CCCAGACTTTCGCC-1","Mono",1
"CCCAGTTGCAGTTG-1","Mono",1
"CCCAGTTGGGTACT-1","T cells",1
"CCCAGTTGTCTATC-1","B cells",1
"CCCGATTGTGTTTC-1","T cells",0.97321279979267
"CCCGGAGAAGGGTG-1","Mono",1
"CCCTACGAATTGGC-1","Mono",1
"CCCTAGTGCAAAGA-1","T cells",1
"CCCTCAGACACTTT-1","B cells",1
"CCCTCAGACGAGAG-1","T cells",1
"CCCTCAGAGGTCAT-1","T cells",0.984147753070086
"CCCTGAACTAAAGG-1","B cells",1
"CCCTGATGCAACCA-1","T cells",1
"CCCTGATGCAAGCT-1","B cells",1
"CCCTTACTAACCAC-1","Mono",1
"CCCTTACTGCAGTT-1","T cells",0.845428917172447
"CCGAAAACCTTGTT-1","Mono",1
"CCGACACTGGTTTG-1","T cells",1
"CCGACTACCCAGTA-1","Mono",1
"CCGACTACCGTGTA-1","T cells",0.972839807652315
"CCGACTACTGAGGG-1","T cells",0.819385477304781
"CCGATAGACCTAAG-1","T cells",1
"CCGATAGAGTTGGT-1","Mono",1
"CCGCGAGACACACA-1","Mono",1
"CCGCGAGAGGTTCA-1","T cells",0.755619802196383
"CCGCTATGGGACGA-1","B cells",1
"CCGCTATGTGCAAC-1","Mono",1
"CCGCTATGTGCACA-1","Mono",1
"CCGGTACTGTCCTC-1","T cells",0.980569716959645
"CCGTACACAAGCAA-1","T cells",1
"CCGTACACAGCGTT-1","B cells",1
"CCGTACACGTCATG-1","T cells",0.943575907830894
"CCGTACACGTTGGT-1","Mono",1
"CCGTACACTAACGC-1","T cells",0.765773678866153
"CCTAAACTTTCGTT-1","T cells",1
"CCTAAGGACCCAAA-1","T cells",1
"CCTAAGGACTAGCA-1","Mono",1
"CCTAAGGAGGGCAA-1","T cells",0.910291066408119
"CCTAAGGATGATGC-1","T cells",1
"CCTAAGGATGTCAG-1","T cells",1
"CCTACCGACTCTTA-1","T cells",1
"CCTACCGAGGGATG-1","B cells",1
"CCTAGAGAGGTGAG-1","B cells",1
"CCTATAACCAAAGA-1","T cells",1
"CCTATAACGAGACG-1","Mono",1
"CCTATAACTCAGAC-1","T cells",1
"CCTATAACTGCATG-1","Mono",1
"CCTCGAACACTTTC-1","NK",0.946611471814824
"CCTCGAACCCGTAA-1","Mono",1
"CCTCGAACGTATCG-1","T cells",0.984036605470726
"CCTCGAACTTACTC-1","T cells",0.992321082834744
"CCTCTACTCTTCGC-1","Mono",1
"CCTCTACTGGCATT-1","T cells",1
"CCTGACTGAAGTAG-1","T cells",0.913677793848908
"CCTGACTGGGGAGT-1","T cells",1
"CCTGACTGTGTCTT-1","B cells",1
"CCTGCAACACGTTG-1","Mono",1
"CCTGGACTCGTGAT-1","T cells",1
"CCTTAATGCCCAAA-1","B cells",1
"CCTTAATGTTCTAC-1","Mono",1
"CCTTCACTACGACT-1","T cells",1
"CCTTCACTCAGTCA-1","B cells",1
"CCTTCACTGGAGTG-1","Mono",1
"CCTTTAGATTCATC-1","Mono",1
"CGAACATGCCCTAC-1","Mono",1
"CGAACATGTCAGAC-1","T cells",1
"CGAAGACTGGAACG-1","T cells",0.871855359490605
"CGAAGACTGTTACG-1","T cells",1
"CGAAGGGAAACCTG-1","T cells",0.930923936020276
"CGAAGGGATCCGAA-1","B cells",1
"CGAAGTACCAACTG-1","B cells",1
"CGAATCGAGGAGCA-1","Mono",1
"CGAATCGAGGAGGT-1","T cells",0.992185431699377
"CGACAAACCCATAG-1","T cells",0.986375078550072
"CGACAAACCGACAT-1","B cells",1
"CGACCACTAAAGTG-1","NK",0.911111368063052
"CGACCACTGCCAAT-1","NK",0.800502426264848
"CGACCGGAAGGTCT-1","T cells",1
"CGACCGGATGGAAA-1","T cells",1
"CGACCTTGCTAGTG-1","T cells",1
"CGACGTCTATCGTG-1","T cells",0.745766606605971
"CGACGTCTCGTGTA-1","T cells",1
"CGACGTCTGAGGCA-1","T cells",1
"CGACTCACGTCGTA-1","T cells",0.985252210298237
"CGACTCACGTTGCA-1","T cells",0.868456860976168
"CGACTCTGTGTGAC-1","T cells",1
"CGACTGCTTCCTCG-1","Mono",1
"CGAGAACTAAGGCG-1","T cells",0.816981565050129
"CGAGAACTACGTTG-1","T cells",0.97690986973029
"CGAGAACTTGTTCT-1","Mono",1
"CGAGATTGGACACT-1","T cells",0.89564139228269
"CGAGATTGGCCATA-1","T cells",0.872352509578273
"CGAGCCGAACACCA-1","T cells",0.984286145103833
"CGAGCCGAGGCGAA-1","T cells",0.903457680353029
"CGAGCGTGCTCCAC-1","T cells",0.780297491044921
"CGAGCGTGGATACC-1","T cells",1
"CGAGCGTGTATGCG-1","Mono",1
"CGAGGAGACCTCCA-1","B cells",1
"CGAGGAGATGTCGA-1","T cells",1
"CGAGGCACCTATGG-1","T cells",0.895113911874864
"CGAGGCACTATGCG-1","Mono",1
"CGAGGCACTCTTCA-1","T cells",0.902112280484143
"CGAGGCTGACGCTA-1","NK",0.75281742491583
"CGAGGCTGGCAGTT-1","Mono",1
"CGAGGGCTACGACT-1","B cells",1
"CGAGGGCTCGAATC-1","T cells",0.631184542175232
"CGAGTATGTCACCC-1","Mono",1
"CGATACGAACAGTC-1","Mono",1
"CGATACGACAGGAG-1","T cells",0.713714676008017
"CGATACGATTCACT-1","B cells",1
"CGATAGACCCGTAA-1","Mono",1
"CGATAGACCGTACA-1","T cells",1
"CGATAGACGTAGGG-1","Mono",1
"CGATAGACTGTTCT-1","T cells",0.982669172704459
"CGATCAGAAGAACA-1","T cells",0.967183776552991
"CGATCAGAGAGGGT-1","T cells",1
"CGATCAGAGGTACT-1","T cells",1
"CGATCAGATGTGAC-1","T cells",0.666935475186816
"CGATCCACCGGGAA-1","T cells",0.883490550396224
"CGATCCACTTCCAT-1","B cells",1
"CGCAAATGCTCGAA-1","T cells",1
"CGCAACCTCCTTGC-1","T cells",1
"CGCAACCTGGACGA-1","T cells",1
"CGCACGGAGGACGA-1","B cells",1
"CGCACGGATCTTTG-1","T cells",1
"CGCACTACAGAATG-1","T cells",0.983552629715212
"CGCACTACAGCCAT-1","T cells",1
"CGCACTACATTGGC-1","T cells",1
"CGCACTACTCGCCT-1","B cells",1
"CGCACTACTCGTGA-1","T cells",0.697875852172459
"CGCACTTGTCACGA-1","Mono",1
"CGCAGGACAGATCC-1","T cells",0.842623704630172
"CGCAGGACCTACTT-1","T cells",0.916497091643275
"CGCAGGACTTGTCT-1","Mono",1
"CGCAGGTGCACTGA-1","T cells",1
"CGCAGGTGCCATAG-1","Mono",1
"CGCAGGTGGGAACG-1","T cells",1
"CGCATAGATCACGA-1","Mono",1
"CGCCATACTGCAAC-1","T cells",1
"CGCCATTGAGAGGC-1","T cells",1
"CGCCATTGCTATGG-1","T cells",0.949929480591673
"CGCCATTGGAGACG-1","T cells",1
"CGCCATTGGAGCAG-1","B cells",1
"CGCCATTGTACTGG-1","B cells",1
"CGCCGAGAGCTTAG-1","NK",0.85167339082462
"CGCCTAACGAATGA-1","Mono",1
"CGCCTAACTGCTCC-1","T cells",1
"CGCGAGACACAGCT-1","T cells",0.952969389529456
"CGCGAGACAGGTCT-1","B cells",1
"CGCGAGACGCTACA-1","T cells",0.887799022233996
"CGCGATCTCAGTCA-1","Mono",1
"CGCGATCTGTTGAC-1","Mono",1
"CGCGATCTTTCTTG-1","B cells",1
"CGCGGATGGCCAAT-1","T cells",1
"CGCTAAGAATGTCG-1","T cells",1
"CGCTAAGACAACTG-1","T cells",1
"CGCTAAGACCCTTG-1","T cells",0.990189160672893
"CGCTACTGAACAGA-1","Mono",1
"CGCTACTGAGAACA-1","T cells",0.948390240309158
"CGCTACTGTGAGCT-1","T cells",1
"CGCTACTGTTCCCG-1","T cells",0.914273501120993
"CGCTCATGCATTTC-1","Mono",1
"CGGAATTGGTTTGG-1","T cells",1
"CGGAATTGTGGAGG-1","T cells",1
"CGGACCGATGCGTA-1","T cells",0.739823162769642
"CGGACCGATGGGAG-1","T cells",0.999999999999999
"CGGACTCTAAACAG-1","B cells",1
"CGGACTCTCCAATG-1","T cells",1
"CGGACTCTCCTCGT-1","T cells",0.768511366327172
"CGGAGGCTATTCCT-1","T cells",1
"CGGAGGCTTGGATC-1","T cells",0.984884287194904
"CGGATAACAACGAA-1","Mono",1
"CGGATAACAGCTCA-1","T cells",1
"CGGATAACTCAGTG-1","Mono",1
"CGGCACGAACTCAG-1","T cells",0.877609801769347
"CGGCACGAAGGGTG-1","T cells",1
"CGGCACGACTACGA-1","Mono",1
"CGGCATCTTAGAAG-1","T cells",0.945270366046862
"CGGCATCTTCGTAG-1","Mono",1
"CGGCCAGAAAGGTA-1","T cells",1
"CGGCCAGAGAGGCA-1","T cells",0.964884238253912
"CGGCGAACCAGTCA-1","Mono",1
"CGGCGAACGACAAA-1","NK",0.897829624181346
"CGGCGAACGGTCTA-1","T cells",0.989327284556497
"CGGCGAACTACTTC-1","NK",0.822150519847404
"CGGGACTGCGTGTA-1","T cells",1
"CGGGACTGGAATAG-1","T cells",0.919461763751111
"CGGGCATGACCCAA-1","T cells",0.775676416521798
"CGGGCATGTCTCTA-1","NK",0.935102460570104
"CGGGCATGTTGTGG-1","T cells",1
"CGGTAAACTCGCAA-1","T cells",0.719884085447537
"CGGTCACTGTTTGG-1","T cells",1
"CGGTCACTTACTTC-1","T cells",1
"CGTAACGATCGCCT-1","T cells",1
"CGTACCACACACAC-1","T cells",0.989156190042553
"CGTACCACACGTTG-1","T cells",1
"CGTACCACCTCATT-1","T cells",0.980908822421363
"CGTACCACGGAGCA-1","T cells",1
"CGTACCTGGCATCA-1","NK",0.946491250599925
"CGTAGCCTCTCTCG-1","Mono",1
"CGTAGCCTGCGAAG-1","T cells",1
"CGTAGCCTGTATGC-1","Mono",1
"CGTCAAGAAAGGTA-1","Mono",1
"CGTCAAGAACGTGT-1","T cells",1
"CGTCAAGACAGAGG-1","T cells",0.989398260530671
"CGTCAAGACAGGAG-1","T cells",0.947935240330377
"CGTCCATGCTCTTA-1","T cells",1
"CGTCGACTTTCCGC-1","T cells",0.865715758022332
"CGTGATGACGCTAA-1","T cells",1
"CGTGATGAGGTTCA-1","T cells",1
"CGTGCACTTATGGC-1","Mono",1
"CGTGTAGAAAAACG-1","T cells",1
"CGTGTAGACGATAC-1","NK",0.912498004963377
"CGTGTAGAGTTACG-1","NK",0.85418752109481
"CGTGTAGAGTTCAG-1","Mono",1
"CGTGTAGATTCGGA-1","NK",0.939966515719193
"CGTTAGGAAACCAC-1","T cells",1
"CGTTAGGATCATTC-1","Mono",1
"CGTTATACCCTGAA-1","T cells",0.943028289554126
"CGTTTAACTGGTCA-1","T cells",0.990902029678842
"CTAAACCTCTGACA-1","NK",0.990441009189539
"CTAAACCTGTGCAT-1","B cells",1
"CTAACACTAACGTC-1","T cells",1
"CTAACACTAGTGCT-1","Mono",1
"CTAACGGAACCGAT-1","NK",0.96248995471253
"CTAACGGATTTCTG-1","T cells",0.978346149860457
"CTAACTACGGCAAG-1","T cells",0.959511659544192
"CTAAGGACACCATG-1","T cells",1
"CTAAGGACCGTTAG-1","T cells",0.995220647774444
"CTAAGGACGCCATA-1","Mono",1
"CTAAGGTGCCTAAG-1","B cells",1
"CTAAGGTGTTGCAG-1","T cells",0.982959072474684
"CTAAGGTGTTTCTG-1","T cells",0.934384136847986
"CTAATAGAGCTATG-1","T cells",1
"CTAATGCTTGTGGT-1","Mono",1
"CTACAACTCCCGTT-1","T cells",0.925729706637074
"CTACCTCTCAACCA-1","T cells",0.958874212074805
"CTACGCACACCTAG-1","Mono",1
"CTACGCACTCTCCG-1","T cells",0.987466540735829
"CTACGCACTGGTCA-1","T cells",0.560264467828012
"CTACGGCTTTCTTG-1","Mono",1
"CTACTATGAACCAC-1","Mono",1
"CTACTATGATGTGC-1","Mono",1
"CTACTATGCTAAGC-1","T cells",0.687700243418581
"CTACTATGTAAAGG-1","B cells",1
"CTACTCCTATGTCG-1","NK",0.940027466877595
"CTACTCCTGCCATA-1","Mono",1
"CTAGAGACACTTTC-1","T cells",1
"CTAGAGACAGCATC-1","T cells",0.802742687991804
"CTAGAGACTTTGGG-1","Mono",1
"CTAGATCTCTCTAT-1","T cells",1
"CTAGATCTTCGACA-1","T cells",1
"CTAGGATGAGCCTA-1","B cells",1
"CTAGGATGATCGTG-1","B cells",1
"CTAGGCCTCTCAGA-1","T cells",1
"CTAGGTGATGGTTG-1","Mono",1
"CTAGTTACCAGAGG-1","T cells",0.992397432051454
"CTAGTTACCGCATA-1","T cells",1
"CTAGTTACGAAACA-1","NK",0.942821478532698
"CTATAAGATCGTTT-1","B cells",1
"CTATACTGAGGTTC-1","Mono",1
"CTATACTGCCAGTA-1","T cells",1
"CTATACTGCGCTAA-1","Mono",1
"CTATACTGCTACGA-1","NK",0.835811945488301
"CTATACTGTCTCAT-1","NK",0.853615024918737
"CTATACTGTTCGTT-1","B cells",0.9288739039397
"CTATAGCTGTCACA-1","T cells",1
"CTATAGCTTCGCTC-1","Mono",1
"CTATAGCTTGCCTC-1","Mono",1
"CTATCAACGAACTC-1","T cells",1
"CTATCAACGCAGAG-1","T cells",1
"CTATCAACTTTGGG-1","T cells",1
"CTATCCCTCCACCT-1","Mono",1
"CTATGTACGAGAGC-1","T cells",1
"CTATGTACGCTTAG-1","T cells",0.97889442824772
"CTATGTACTGTTTC-1","B cells",1
"CTATGTTGAAAGCA-1","T cells",0.990342797158178
"CTATGTTGTCCTCG-1","T cells",0.988864957718899
"CTATGTTGTCTCGC-1","T cells",1
"CTATTGACAAACGA-1","Mono",1
"CTATTGACACTGGT-1","Mono",1
"CTATTGACGGTGAG-1","Mono",1
"CTATTGTGGCAAGG-1","T cells",0.809702667876398
"CTCAATTGGTTCAG-1","T cells",1
"CTCAATTGGTTGCA-1","Mono",1
"CTCAGAGATAGAAG-1","T cells",1
"CTCAGCACTCTAGG-1","T cells",0.940739595726557
"CTCAGCACTGAACC-1","Mono",1
"CTCAGCACTTGCAG-1","T cells",1
"CTCAGCTGAACCTG-1","Mono",1
"CTCAGCTGCAGTTG-1","T cells",0.810743656503803
"CTCAGGCTCGTTGA-1","Mono",1
"CTCAGGCTGCTAAC-1","T cells",0.88895637396892
"CTCATTGACCTTAT-1","T cells",1
"CTCATTGATGCTTT-1","Mono",1
"CTCCACGAGAGATA-1","Mono",1
"CTCCATCTCTTAGG-1","T cells",1
"CTCCATCTGACGAG-1","T cells",1
"CTCCGAACAAGTGA-1","Mono",1
"CTCCTACTGCCTTC-1","Mono",1
"CTCGAAGATGTGGT-1","T cells",1
"CTCGAAGATTAGGC-1","Mono",1
"CTCGACTGCTCTAT-1","T cells",1
"CTCGACTGGGTGAG-1","T cells",0.983102476564836
"CTCGACTGGTTGAC-1","NK",0.864640488665923
"CTCGAGCTCTGGAT-1","T cells",0.82426512986492
"CTCGCATGACTTTC-1","T cells",0.795597374276917
"CTCGCATGCTTAGG-1","T cells",1
"CTCTAAACCTCGAA-1","T cells",1
"CTCTAAACGGCGAA-1","T cells",1
"CTCTAATGTCCAAG-1","Mono",1
"CTGAACGACAGTCA-1","T cells",1
"CTGAACGATGAGGG-1","T cells",1
"CTGAAGACCCAACA-1","T cells",1
"CTGAAGACGTGCAT-1","B cells",1
"CTGAAGTGAAGCCT-1","Mono",1
"CTGAAGTGCAGCTA-1","B cells",1
"CTGAAGTGGCTATG-1","T cells",1
"CTGAAGTGTCCAGA-1","T cells",1
"CTGAATCTGAATAG-1","T cells",1
"CTGACAGAATCGTG-1","T cells",0.958815380573225
"CTGACCACAGCAAA-1","T cells",1
"CTGAGAACCGGGAA-1","T cells",1
"CTGAGAACGTAAAG-1","NK",0.619260184803382
"CTGATACTAGTAGA-1","T cells",1
"CTGATTTGGTGTTG-1","Mono",1
"CTGCAGCTAACCGT-1","T cells",0.99472376449887
"CTGCAGCTGACACT-1","T cells",1
"CTGCAGCTGGATTC-1","Mono",1
"CTGCAGCTTGGCAT-1","T cells",0.84476416991952
"CTGCCAACAGGAGC-1","T cells",0.772613637673245
"CTGCCAACCAGCTA-1","T cells",1
"CTGCCAACTAACCG-1","Mono",1
"CTGCCAACTGCTCC-1","T cells",0.868717922265369
"CTGCCAACTTGCAG-1","T cells",0.976062140261945
"CTGCCAACTTGCTT-1","T cells",0.861114139121411
"CTGCGACTCCACCT-1","T cells",0.78883022616312
"CTGGAAACAAACGA-1","T cells",0.907405947482639
"CTGGAAACATCGAC-1","T cells",1
"CTGGATGACTGGAT-1","T cells",0.90628917812428
"CTGGATGACTTGTT-1","T cells",1
"CTGGATGATGTGAC-1","B cells",0.992737583800834
"CTGGCACTCAAGCT-1","Mono",1
"CTGTAACTAACCAC-1","T cells",0.995377268024867
"CTGTAACTAGCGTT-1","T cells",1
"CTGTATACGTAAAG-1","T cells",0.912541313954476
"CTGTATACGTACGT-1","Mono",1
"CTGTATACGTTGGT-1","T cells",1
"CTGTGAGACAACCA-1","Mono",1
"CTGTGAGACCTTGC-1","T cells",0.885440531884667
"CTGTGAGACGAACT-1","Mono",1
"CTGTGAGACTGTAG-1","Mono",1
"CTTAAAGAACCTGA-1","T cells",0.98069765132833
"CTTAACACCTGTAG-1","T cells",0.973286582542876
"CTTAACACTATCGG-1","B cells",1
"CTTAAGCTACCTAG-1","T cells",1
"CTTAAGCTAGTACC-1","T cells",0.99343953326464
"CTTAAGCTCATCAG-1","T cells",0.9170361084656
"CTTAAGCTCCGCTT-1","B cells",1
"CTTACAACTAACGC-1","T cells",1
"CTTACAACTCCCGT-1","Mono",1
"CTTACTGACGTACA-1","T cells",0.994418697730519
"CTTAGACTAAACGA-1","T cells",1
"CTTAGGGACTTGCC-1","T cells",1
"CTTAGGGAGAATCC-1","T cells",0.987725485103258
"CTTATCGACTCATT-1","T cells",1
"CTTCACCTACCTGA-1","Mono",1
"CTTCATGAAGCATC-1","B cells",1
"CTTCATGAAGTACC-1","T cells",0.910333045976851
"CTTCATGACCGAAT-1","T cells",0.851517230682491
"CTTGAACTACGCAT-1","T cells",0.951230189048591
"CTTGATTGAGGTTC-1","T cells",0.934403071403561
"CTTGATTGATCTTC-1","Mono",0.655363446339626
"CTTGATTGCATTCT-1","T cells",1
"CTTGATTGTTTCGT-1","T cells",1
"CTTGTATGACACCA-1","B cells",1
"CTTGTATGCGCAAT-1","B cells",1
"CTTTACGAGCGAAG-1","T cells",0.987466393657213
"CTTTAGACCGTGAT-1","T cells",0.991770719937058
"CTTTAGACGAGACG-1","T cells",1
"CTTTAGACGATACC-1","T cells",1
"CTTTAGACGTTGGT-1","T cells",0.842517588160804
"CTTTAGACTCATTC-1","T cells",0.91192755199662
"CTTTAGTGACGGGA-1","NK",0.918504502392965
"CTTTAGTGGGTGGA-1","T cells",1
"CTTTCAGAGAAACA-1","T cells",0.988601219137133
"CTTTGATGAGCACT-1","T cells",1
"CTTTGATGTCTAGG-1","T cells",0.860008431433939
"CTTTGATGTGTCCC-1","T cells",0.994810533805956
"CTTTGATGTGTGGT-1","T cells",1
"GAAACAGAACTACG-1","T cells",1
"GAAACAGAATCACG-1","T cells",1
"GAAACAGACATTCT-1","T cells",1
"GAAACCTGATCGTG-1","T cells",1
"GAAACCTGATGCCA-1","T cells",1
"GAAACCTGCTTATC-1","T cells",1
"GAAACCTGGACTAC-1","Mono",0.943821927568205
"GAAACCTGTGCTAG-1","T cells",1
"GAAAGATGATTTCC-1","T cells",1
"GAAAGATGCTGATG-1","Mono",1
"GAAAGATGCTTCGC-1","Mono",1
"GAAAGATGTAAGGA-1","T cells",0.971876719921917
"GAAAGCCTACGTTG-1","B cells",1
"GAAAGTGAAAGTGA-1","Mono",1
"GAAAGTGACCACAA-1","Mono",1
"GAAAGTGACTCAAG-1","T cells",1
"GAAATACTACCAAC-1","Mono",1
"GAAATACTCTTAGG-1","B cells",1
"GAAATACTTCCTCG-1","T cells",1
"GAACACACGTGCAT-1","Mono",1
"GAACACACTGCCTC-1","T cells",1
"GAACAGCTAACTGC-1","Mono",1
"GAACAGCTCTCAGA-1","Mono",1
"GAACCAACCACAAC-1","T cells",0.887392042475596
"GAACCAACTTCCGC-1","NK",0.958625964326199
"GAACCTGAACGTGT-1","T cells",1
"GAACCTGAGAGACG-1","T cells",1
"GAACCTGATGAACC-1","T cells",1
"GAACGGGATACTTC-1","T cells",1
"GAACTGTGACCTGA-1","Mono",1
"GAACTGTGCCAGTA-1","Mono",1
"GAAGAATGCAATCG-1","T cells",1
"GAAGCGGACCTATT-1","Mono",1
"GAAGCTACGAATGA-1","Mono",1
"GAAGCTACGGTTTG-1","T cells",1
"GAAGGGTGAAAGTG-1","T cells",0.976925118168066
"GAAGGGTGCTTAGG-1","Mono",1
"GAAGGTCTGAAAGT-1","T cells",1
"GAAGGTCTGTTGCA-1","T cells",0.999999999999999
"GAAGGTCTTAAAGG-1","Mono",1
"GAAGTAGACTCCCA-1","T cells",0.927008687784127
"GAAGTAGATCCAAG-1","Mono",1
"GAAGTCACCCTCGT-1","Mono",1
"GAAGTCACCCTGTC-1","B cells",1
"GAAGTCTGTCGCAA-1","B cells",1
"GAAGTCTGTTCTGT-1","T cells",1
"GAAGTGCTAAACGA-1","NK",0.904356049300388
"GAAGTGCTCCGCTT-1","Mono",1
"GAAGTGCTTAACCG-1","T cells",0.985341856315787
"GAATGCACCCTAAG-1","T cells",0.999999999999999
"GAATGCACCTTCGC-1","NK",0.927442383492696
"GAATGCTGCGGTAT-1","T cells",1
"GAATTAACGATAAG-1","T cells",1
"GAATTAACGGTCAT-1","T cells",0.985879103552491
"GAATTAACGTCGTA-1","NK",0.953357172968598
"GAATTAACTGAAGA-1","B cells",1
"GACAACACAGGCGA-1","T cells",1
"GACAACACATCGTG-1","T cells",1
"GACAACACTCGCCT-1","T cells",1
"GACAACTGAGGTTC-1","T cells",1
"GACAGGGAAGAGTA-1","B cells",1
"GACAGGGAATGCCA-1","T cells",1
"GACAGTACGAGCTT-1","Mono",0.999999999999999
"GACAGTACTTCGGA-1","Mono",1
"GACAGTTGAGTAGA-1","B cells",1
"GACATTCTCCACCT-1","Mono",1
"GACCAAACGACTAC-1","Mono",1
"GACCAAACGTATCG-1","Mono",1
"GACCCTACTAAAGG-1","B cells",1
"GACCTAGACCTCAC-1","T cells",0.986730060121901
"GACCTAGACGAGAG-1","T cells",1
"GACCTCACAAGGTA-1","T cells",1
"GACCTCACGTACGT-1","Mono",1
"GACCTCTGCATCAG-1","T cells",1
"GACGAACTCCCACT-1","T cells",1
"GACGATTGCCAATG-1","B cells",1
"GACGCCGACCTTCG-1","T cells",1
"GACGCTCTCTCTCG-1","Platelet",1
"GACGGCACACGGGA-1","NK",0.877776286567047
"GACGGCACGAGATA-1","Mono",1
"GACGTAACCTATGG-1","T cells",0.993777847437844
"GACGTAACCTGTGA-1","T cells",0.985221699541805
"GACGTAACTATGGC-1","T cells",1
"GACGTATGTTGACG-1","T cells",1
"GACGTATGTTTGCT-1","T cells",1
"GACGTCCTACGGAG-1","T cells",1
"GACGTCCTCTCAAG-1","Mono",1
"GACGTCCTGATAAG-1","B cells",1
"GACTACGATGGTCA-1","B cells",1
"GACTCCTGCTCGCT-1","T cells",0.976928031712854
"GACTCCTGGGTTAC-1","T cells",1
"GACTCCTGTTATCC-1","T cells",1
"GACTCCTGTTGGTG-1","Mono",1
"GACTGAACCAATCG-1","Mono",1
"GACTGATGTGATGC-1","T cells",1
"GACTTTACATGCCA-1","T cells",1
"GACTTTACGACAGG-1","B cells",1
"GAGAAATGTTCTCA-1","B cells",1
"GAGATAGAAAAAGC-1","Mono",1
"GAGATCACGACAAA-1","Mono",1
"GAGATGCTCTGGAT-1","T cells",0.86477362134524
"GAGATGCTGAATGA-1","T cells",1
"GAGCAGGATTCCCG-1","T cells",0.881090280127679
"GAGCATACTTTGCT-1","Mono",1
"GAGCGCACGCGTAT-1","Mono",1
"GAGCGCACGGTGAG-1","T cells",0.810903617196118
"GAGCGCTGAAGATG-1","NK",0.911987435288612
"GAGCGCTGTCTTAC-1","Mono",1
"GAGCGGCTGGGAGT-1","B cells",1
"GAGGACGACTCAGA-1","T cells",0.853915504715828
"GAGGATCTGAAAGT-1","B cells",1
"GAGGCAGACTTGCC-1","T cells",0.955634643504395
"GAGGGAACACCAGT-1","T cells",1
"GAGGGAACGAGGGT-1","T cells",1
"GAGGGATGGGAAAT-1","T cells",1
"GAGGGCCTTCACCC-1","T cells",1
"GAGGGTGAAGAGTA-1","T cells",1
"GAGGTACTACGGTT-1","T cells",0.981784166014185
"GAGGTACTACTCAG-1","Mono",1
"GAGGTACTGACACT-1","NK",0.876733669329997
"GAGGTACTGGGAGT-1","T cells",1
"GAGGTACTTAGCGT-1","Mono",1
"GAGGTGGAGTACGT-1","T cells",1
"GAGGTGGATCCTCG-1","NK",0.926064097711615
"GAGGTTACTCGTTT-1","Mono",1
"GAGGTTTGTAAGCC-1","Mono",1
"GAGTCAACCATTCT-1","T cells",1
"GAGTCAACGGGAGT-1","T cells",1
"GAGTCTGATCGTGA-1","T cells",0.992505670291953
"GAGTCTGATTTGGG-1","B cells",1
"GAGTGACTCAGCTA-1","T cells",1
"GAGTGACTCGGTAT-1","T cells",0.945179238760112
"GAGTGACTCTTGCC-1","B cells",1
"GAGTGACTGACTAC-1","B cells",1
"GAGTGACTGTCTAG-1","T cells",1
"GAGTGGGAGTCTTT-1","B cells",1
"GAGTGGGATGCCCT-1","T cells",1
"GAGTGGGATGCTGA-1","B cells",1
"GAGTGTTGCTGTAG-1","T cells",1
"GAGTGTTGTGGTCA-1","T cells",1
"GAGTTGTGCATGGT-1","Mono",1
"GAGTTGTGCTGAGT-1","T cells",0.807136306502613
"GAGTTGTGGCGAGA-1","Mono",1
"GAGTTGTGGTAGCT-1","Platelet",1
"GAGTTGTGTATGCG-1","Mono",1
"GATAAGGAGAAACA-1","Mono",1
"GATAAGGATTCACT-1","Mono",1
"GATACTCTATCGGT-1","T cells",1
"GATACTCTTACTTC-1","T cells",1
"GATACTCTTGACTG-1","Mono",1
"GATAGAGAAGGGTG-1","T cells",0.923932667192524
"GATAGAGACTGTGA-1","T cells",0.995352774023243
"GATAGAGATCACGA-1","Mono",1
"GATAGCACCCATAG-1","T cells",1
"GATAGCACGAAGGC-1","Mono",1
"GATAGCACTTGTCT-1","T cells",1
"GATATAACAAGGTA-1","T cells",1
"GATATAACACGCAT-1","T cells",0.959637059117929
"GATATATGCTGGAT-1","T cells",1
"GATATATGTCCGTC-1","T cells",0.906613428600988
"GATATATGTGGAGG-1","Mono",1
"GATATCCTAGAAGT-1","T cells",1
"GATATCCTCCCGTT-1","Mono",1
"GATATTGACAGGAG-1","T cells",0.844138821853683
"GATATTGACGAGTT-1","Mono",1
"GATATTGAGCCAAT-1","T cells",1
"GATCCCTGACCTTT-1","NK",0.964896730124915
"GATCCCTGTGTAGC-1","T cells",0.873348457727185
"GATCCGCTGGTCAT-1","Mono",1
"GATCGAACCGAGAG-1","T cells",0.887077364050106
"GATCGATGACTAGC-1","B cells",1
"GATCGATGGTAAAG-1","B cells",1
"GATCGATGTAAGGA-1","Mono",1
"GATCGTGACACTAG-1","T cells",1
"GATCGTGATTCACT-1","T cells",1
"GATCTACTGGTGAG-1","T cells",0.852080598332803
"GATCTACTTTGCAG-1","B cells",1
"GATCTTACACCCAA-1","Mono",1
"GATCTTACCCTACC-1","T cells",0.984431284043193
"GATCTTACGAATAG-1","Mono",1
"GATCTTACGAGATA-1","Mono",1
"GATGCAACTCCAGA-1","T cells",1
"GATGCCCTACGTAC-1","T cells",0.985769133935639
"GATGCCCTCTCATT-1","T cells",1
"GATGCCCTGGCAAG-1","Mono",1
"GATGCCCTTTTGCT-1","T cells",1
"GATTACCTTGTTCT-1","T cells",1
"GATTCGGAACGACT-1","T cells",1
"GATTCGGACAGGAG-1","Mono",1
"GATTCGGAGAAGGC-1","Mono",1
"GATTCTTGATTCGG-1","Mono",1
"GATTCTTGCCGATA-1","T cells",1
"GATTCTTGCGAGTT-1","B cells",1
"GATTGGACCCGTTC-1","B cells",1
"GATTGGACGGTGTT-1","B cells",1
"GATTGGACTTTCGT-1","B cells",1
"GATTGGTGTGTCAG-1","T cells",1
"GATTTAGACACTCC-1","Mono",1
"GATTTAGACTAAGC-1","B cells",1
"GATTTAGATTCGTT-1","Mono",1
"GATTTGCTAACGAA-1","T cells",1
"GATTTGCTAACGGG-1","Mono",1
"GCAACCCTCCTCGT-1","Mono",1
"GCAACTGATTGCGA-1","T cells",1
"GCAAGACTACTGGT-1","T cells",1
"GCAAGACTAGGTCT-1","T cells",1
"GCAAGACTCCCTTG-1","T cells",1
"GCAATCGACTGCAA-1","T cells",0.910433316559494
"GCAATCGAGACGTT-1","Mono",1
"GCAATCGATCCTTA-1","Mono",1
"GCAATTCTCGTGTA-1","T cells",1
"GCAATTCTTCTCCG-1","T cells",1
"GCACAAACAATGCC-1","T cells",0.785850862998889
"GCACAAACGGTACT-1","T cells",1
"GCACAATGGTGCAT-1","Mono",1
"GCACACCTGTGCTA-1","NK",0.91371319459848
"GCACCACTCATGAC-1","Mono",1
"GCACCACTGTTTGG-1","Mono",1
"GCACCACTTCCTTA-1","NK",0.966938544977414
"GCACCACTTTCGGA-1","Mono",1
"GCACCTACGCGATT-1","T cells",1
"GCACCTTGGCTGTA-1","T cells",1
"GCACCTTGGGGAGT-1","Mono",1
"GCACGGACCAGCTA-1","T cells",1
"GCACGGTGACCTCC-1","T cells",1
"GCACGGTGCTATGG-1","Mono",1
"GCACTAGAACGGGA-1","T cells",0.976448132644275
"GCACTAGAAGATGA-1","B cells",1
"GCACTAGACCTTTA-1","Mono",1
"GCACTAGACGTAAC-1","B cells",1
"GCACTAGAGTCGTA-1","NK",0.98384922880806
"GCACTAGATGCAAC-1","T cells",1
"GCACTGCTGAGGCA-1","T cells",0.676991571623091
"GCAGATACAGCGTT-1","T cells",0.788517223577076
"GCAGATACGACGGA-1","T cells",0.97956698438303
"GCAGATACGCAGAG-1","T cells",0.995848353503153
"GCAGCCGACAGTCA-1","T cells",1
"GCAGCGTGCACTCC-1","T cells",1
"GCAGCTCTCAATCG-1","T cells",1
"GCAGCTCTGTTTCT-1","T cells",1
"GCAGGGCTAAGAAC-1","T cells",1
"GCAGGGCTAAGGGC-1","T cells",1
"GCAGGGCTATCGAC-1","NK",0.92062450763619
"GCAGGGCTTGGGAG-1","T cells",0.776077654376816
"GCAGTCCTAACTGC-1","T cells",1
"GCAGTCCTCTCTTA-1","T cells",1
"GCATCAGATGCGTA-1","T cells",0.96951090639706
"GCATGTGACAAGCT-1","T cells",0.990583880097758
"GCATTGGAGAAGGC-1","T cells",1
"GCCAAAACGAGGCA-1","T cells",0.894119281764309
"GCCAAATGATCGAC-1","T cells",0.947908808335592
"GCCAACCTACGGTT-1","T cells",1
"GCCAACCTCGCCTT-1","T cells",1
"GCCACGGAGGCGAA-1","Mono",1
"GCCACGGATACTGG-1","T cells",0.965959888155484
"GCCACTACGTCTTT-1","T cells",1
"GCCCAACTACCGAT-1","T cells",1
"GCCCAACTATGGTC-1","T cells",0.768103887376717
"GCCCATACAGCGTT-1","T cells",0.997002953578115
"GCCGACGAACTCTT-1","Mono",1
"GCCGAGTGCGTTGA-1","T cells",1
"GCCGGAACGAACTC-1","T cells",0.892143012083307
"GCCGGAACGTTCTT-1","NK",0.863871482306586
"GCCGGAACTGCACA-1","NK",0.966632690721013
"GCCGGAACTTACTC-1","T cells",1
"GCCGTACTACCTGA-1","T cells",0.980412228976756
"GCCGTACTGGCAAG-1","Mono",1
"GCCTACACAGTTCG-1","NK",0.930521213176752
"GCCTACACCACTGA-1","Mono",1
"GCCTACACCTTGAG-1","T cells",1
"GCCTAGCTACGGAG-1","B cells",1
"GCCTAGCTCTATTC-1","T cells",1
"GCCTAGCTTCTCAT-1","T cells",1
"GCCTAGCTTCTCTA-1","Mono",1
"GCCTCAACCATGGT-1","T cells",0.983336820227234
"GCCTCAACTCTTTG-1","T cells",0.690363195140977
"GCCTCATGTCTTAC-1","T cells",0.945151708589629
"GCCTGACTCTCAAG-1","Mono",1
"GCGAAGGAACTCTT-1","T cells",1
"GCGAAGGATGCCAA-1","T cells",1
"GCGAGAGAGGGACA-1","T cells",0.995265821436016
"GCGAGCACTGTCGA-1","B cells",0.640998471822398
"GCGAGCACTTGACG-1","T cells",1
"GCGAGCACTTGCTT-1","Mono",1
"GCGATATGGTACGT-1","T cells",0.976966094505174
"GCGATATGGTGTTG-1","T cells",1
"GCGCACGAAGTCGT-1","T cells",0.98784740903592
"GCGCACGACTTTAC-1","Mono",1
"GCGCATCTAGGTCT-1","T cells",1
"GCGCATCTGGTTAC-1","Platelet",0.958805559214137
"GCGCATCTTCGATG-1","T cells",1
"GCGCATCTTGCTCC-1","NK",0.916152186829394
"GCGCATCTTTCTAC-1","T cells",1
"GCGCGAACGTTCTT-1","B cells",1
"GCGCGATGAACGGG-1","T cells",1
"GCGCGATGGTGCAT-1","NK",0.954760966164811
"GCGGAGCTCCTGAA-1","T cells",1
"GCGGCAACCCGATA-1","T cells",1
"GCGGCAACGGAGGT-1","B cells",1
"GCGGCAACTGTCGA-1","Mono",1
"GCGTAAACACGGTT-1","Mono",0.999999999999999
"GCGTAATGCACCAA-1","Mono",1
"GCGTATGAACACCA-1","T cells",1
"GCGTATGATGAGAA-1","Mono",1
"GCTACAGAAAGGTA-1","T cells",1
"GCTACAGAATCTTC-1","B cells",1
"GCTACCTGAGAAGT-1","Mono",1
"GCTACCTGATCACG-1","T cells",1
"GCTACGCTAGAATG-1","T cells",1
"GCTACGCTAGCTAC-1","T cells",0.931987984098745
"GCTACGCTCCCTAC-1","T cells",0.993742836169403
"GCTAGAACAGAGGC-1","B cells",1
"GCTAGAACGGATCT-1","T cells",1
"GCTAGAACTCCCGT-1","T cells",1
"GCTAGATGAGCTCA-1","Mono",1
"GCTAGATGGCGATT-1","T cells",0.848882755738921
"GCTATACTAAGGCG-1","T cells",1
"GCTATACTAGCGTT-1","T cells",0.856999154818652
"GCTATACTCTCTTA-1","T cells",1
"GCTATACTGGACGA-1","T cells",0.992312531607494
"GCTCAAGAACCATG-1","Mono",1
"GCTCAAGAAGTCAC-1","Mono",1
"GCTCAGCTGTCTAG-1","T cells",1
"GCTCCATGAGAAGT-1","T cells",0.914047861656169
"GCTCCATGCCGAAT-1","T cells",1
"GCTCGACTCTAGTG-1","Mono",1
"GCTGATGAGGTATC-1","Mono",1
"GCTTAACTACAGTC-1","Mono",1
"GCTTAACTACTGGT-1","T cells",0.81973718010997
"GCTTAACTGCTGAT-1","T cells",1
"GCTTAACTTAGACC-1","Mono",1
"GCTTAACTTCAGTG-1","T cells",1
"GGAACACTCACTTT-1","Mono",1
"GGAACACTTCAGAC-1","Platelet",1
"GGAACTACTACTTC-1","T cells",1
"GGAACTTGAAGGTA-1","Mono",1
"GGAACTTGAGAATG-1","T cells",0.938543831970053
"GGAACTTGCTCCAC-1","Mono",1
"GGAACTTGGGTAGG-1","B cells",1
"GGAAGGACATCGGT-1","Mono",1
"GGAAGGACCACTAG-1","T cells",1
"GGAAGGACGAGGGT-1","T cells",1
"GGAAGGACGCGAAG-1","T cells",0.826911630735261
"GGAAGGTGGCGAGA-1","NK",0.930562381726384
"GGAATCTGAAGGGC-1","T cells",1
"GGAATCTGAGGAGC-1","T cells",1
"GGAATCTGCTTAGG-1","B cells",1
"GGAATCTGCTTGTT-1","Mono",1
"GGAATCTGGGAGGT-1","T cells",1
"GGAATGCTTTCTAC-1","T cells",0.986247408071005
"GGACAGGAAAGGGC-1","T cells",0.862328232137649
"GGACAGGAGTGCTA-1","B cells",1
"GGACAGGATCTCGC-1","T cells",0.992905689715214
"GGACCCGAAGCTAC-1","Mono",1
"GGACCGTGCTTACT-1","Mono",1
"GGACCGTGGGAACG-1","Mono",1
"GGACCGTGTAACGC-1","T cells",1
"GGACCTCTGTAAGA-1","Mono",1
"GGACCTCTTTTCTG-1","T cells",0.852299779860741
"GGACGAGAGTGTCA-1","Mono",1
"GGACGCTGACGCAT-1","T cells",0.885269265898762
"GGACGCTGCTAGCA-1","T cells",1
"GGACGCTGTCCTCG-1","NK",0.76738320250689
"GGAGAGACGTGAGG-1","B cells",0.850146547404738
"GGAGCAGATTCAGG-1","B cells",1
"GGAGCCACCTTCTA-1","B cells",1
"GGAGCGCTACGCAT-1","Mono",1
"GGAGCGCTCCGAAT-1","T cells",1
"GGAGGATGCCACCT-1","T cells",1
"GGAGGATGGTTGAC-1","Mono",1
"GGAGGATGTCAGTG-1","Mono",1
"GGAGGCCTCGTTGA-1","NK",0.89286571374198
"GGAGGCCTTTCTTG-1","T cells",1
"GGAGGTGATACGCA-1","T cells",0.996496770683884
"GGAGGTGATCGCTC-1","T cells",0.978993303881824
"GGATACTGCAGCTA-1","T cells",0.989478436758952
"GGATACTGTCTAGG-1","T cells",1
"GGATAGCTCGTCTC-1","T cells",1
"GGATAGCTCTGAAC-1","T cells",0.90150177123082
"GGATGTACCAAAGA-1","B cells",1
"GGATGTACGCGAAG-1","T cells",1
"GGATGTACGTCTTT-1","Mono",1
"GGATGTACGTGTCA-1","T cells",0.731682222196785
"GGATTTCTAGGTTC-1","T cells",0.979305438948561
"GGATTTCTTTGTCT-1","Mono",1
"GGCAAGGAAAAAGC-1","NK",0.790326916486188
"GGCAAGGAAGAAGT-1","T cells",0.984195030331705
"GGCAAGGACTTGGA-1","Mono",1
"GGCAAGGAGGACTT-1","T cells",1
"GGCAATACGCTAAC-1","B cells",1
"GGCAATACGGCATT-1","T cells",0.769996427236318
"GGCAATACGTTTCT-1","B cells",1
"GGCACGTGGCTTAG-1","Mono",1
"GGCACTCTTTTGTC-1","T cells",1
"GGCATATGCTTATC-1","NK",0.946810522923222
"GGCATATGGGGAGT-1","Platelet",1
"GGCATATGTGTGAC-1","T cells",0.990384050219828
"GGCCACGACAGAGG-1","T cells",1
"GGCCAGACTGGTTG-1","T cells",0.896721011730444
"GGCCCAGAAAGTAG-1","Mono",1
"GGCCGAACAACGAA-1","T cells",1
"GGCCGAACGCAGAG-1","T cells",0.984491495114278
"GGCCGAACGTAGGG-1","T cells",1
"GGCCGAACTCTAGG-1","NK",0.893635190526332
"GGCCGATGCAGGAG-1","T cells",1
"GGCCGATGCCGAAT-1","T cells",1
"GGCCGATGTACTCT-1","T cells",0.716021688523945
"GGCGACACTGCCCT-1","T cells",0.606544542421727
"GGCGACTGCGTAAC-1","T cells",1
"GGCGCATGCCTAAG-1","Mono",1
"GGCGCATGCTCCAC-1","T cells",1
"GGCGCATGTGGAAA-1","T cells",1
"GGCGGACTAGAGGC-1","T cells",0.994649684949188
"GGCGGACTAGGAGC-1","T cells",0.744369647343495
"GGCGGACTCTGACA-1","T cells",1
"GGCGGACTCTTGGA-1","T cells",0.864695634800557
"GGCGGACTTACTGG-1","T cells",1
"GGCGGACTTGAACC-1","T cells",1
"GGCTAAACACCTGA-1","NK",0.984898428324319
"GGCTAAACTCTTAC-1","T cells",1
"GGCTAATGAGCACT-1","T cells",0.762212351596985
"GGCTAATGGTCTAG-1","T cells",1
"GGCTCACTACTCAG-1","Mono",1
"GGGAACGAAGCTCA-1","Mono",1
"GGGAACGACACAAC-1","B cells",1
"GGGAACGAGTGTCA-1","Mono",1
"GGGAAGTGTTGAGC-1","Mono",1
"GGGACCACACGTTG-1","T cells",0.979070536737286
"GGGACCACAGAACA-1","T cells",1
"GGGACCACGAATAG-1","T cells",0.910859284839696
"GGGACCACGTCATG-1","T cells",0.978160763139351
"GGGACCACTCAAGC-1","T cells",1
"GGGACCACTCGTGA-1","T cells",0.949466633399898
"GGGACCACTGCATG-1","T cells",1
"GGGACCTGACCCTC-1","Mono",1
"GGGACCTGCTTGCC-1","T cells",0.981152352670382
"GGGACCTGTGGAGG-1","B cells",1
"GGGATGGACGACAT-1","B cells",1
"GGGATGGATACTTC-1","T cells",1
"GGGATGGATGGTTG-1","Mono",1
"GGGATTACGTCTAG-1","T cells",0.975720499445629
"GGGCAAGATGCATG-1","Mono",1
"GGGCACACGGTGAG-1","Mono",1
"GGGCACACGTTGCA-1","T cells",0.982180145243636
"GGGCAGCTTGGGAG-1","T cells",0.810723591938107
"GGGCAGCTTTTCTG-1","T cells",1
"GGGCCAACCTTGGA-1","Mono",1
"GGGCCAACGCGTTA-1","B cells",1
"GGGCCAACTACGCA-1","Mono",1
"GGGCCAACTCCAAG-1","B cells",1
"GGGCCATGATGGTC-1","T cells",1
"GGGCCATGTTGACG-1","T cells",1
"GGGTAACTCAGCTA-1","T cells",1
"GGGTAACTCTAGTG-1","B cells",1
"GGGTAACTCTGGAT-1","T cells",1
"GGGTTAACGTGCAT-1","NK",1
"GGTAAAGAGCTAAC-1","T cells",0.941737172766717
"GGTACAACTGCAAC-1","T cells",0.993259752326741
"GGTACATGAAAGCA-1","B cells",1
"GGTACATGAGCTCA-1","T cells",0.935453066501302
"GGTACATGCGGTAT-1","T cells",1
"GGTACATGGTTACG-1","T cells",1
"GGTACATGTGGGAG-1","T cells",1
"GGTACTGAACTCTT-1","Mono",1
"GGTAGTACACCACA-1","T cells",0.744216479041368
"GGTAGTACACTAGC-1","Mono",1
"GGTAGTACCCTGTC-1","T cells",1
"GGTAGTACGCCATA-1","Mono",1
"GGTAGTACTGTCTT-1","T cells",0.76383795552809
"GGTATCGAGACAAA-1","Mono",1
"GGTATCGATGAACC-1","B cells",1
"GGTCAAACCAAAGA-1","T cells",0.99155331921239
"GGTCTAGAGAAACA-1","Mono",1
"GGTCTAGATAGCGT-1","Mono",1
"GGTGATACCGACTA-1","B cells",1
"GGTGATACGACTAC-1","Mono",1
"GGTGATACTGTTTC-1","T cells",1
"GGTGGAGAAACGGG-1","NK",0.970493302604747
"GGTGGAGAAGTAGA-1","T cells",1
"GGTGGAGACAGATC-1","NK",0.947102741454549
"GGTGGAGATCGATG-1","T cells",0.936053615768908
"GGTGGAGATCTCTA-1","Mono",1
"GGTGGAGATTACTC-1","T cells",0.941686553096334
"GGTTTACTACGCAT-1","T cells",0.918111806074084
"GTAACGTGACCTCC-1","Mono",1
"GTAACGTGATCGGT-1","B cells",1
"GTAACGTGCAGCTA-1","B cells",1
"GTAACGTGGTTGAC-1","B cells",1
"GTAAGCACAACGGG-1","T cells",1
"GTAAGCACTCATTC-1","B cells",1
"GTAAGCTGGTACCA-1","Mono",1
"GTAATAACCTTCTA-1","Mono",1
"GTAATAACGTTGTG-1","T cells",1
"GTACCCTGACAGTC-1","Mono",1
"GTACCCTGGAGCTT-1","T cells",1
"GTACCCTGTCCTTA-1","T cells",0.938877259263308
"GTACCCTGTGAACC-1","T cells",0.982606163019117
"GTACGTGAACGTTG-1","T cells",0.894089383264032
"GTACTTTGTCGACA-1","T cells",0.898320383889347
"GTAGACTGAGATGA-1","Mono",1
"GTAGACTGTATTCC-1","T cells",1
"GTAGCAACAGTCGT-1","Mono",1
"GTAGCAACCATTTC-1","B cells",1
"GTAGCAACGGTAGG-1","Mono",1
"GTAGCATGCACTCC-1","B cells",1
"GTAGCATGTAAGCC-1","Mono",1
"GTAGCCCTGACGTT-1","T cells",1
"GTAGCTGAAGCTAC-1","Mono",1
"GTAGCTGAATTCGG-1","T cells",1
"GTAGGTACACGGGA-1","Mono",1
"GTAGTGACCTCATT-1","T cells",1
"GTAGTGTGAGCGGA-1","NK",0.930413668330187
"GTAGTGTGAGGCGA-1","Mono",1
"GTAGTGTGTGGTTG-1","T cells",1
"GTATCACTGGTAGG-1","Mono",1
"GTATCTACAGAAGT-1","T cells",0.960508318502562
"GTATCTACGACGAG-1","T cells",0.824340323624624
"GTATCTACGTTACG-1","T cells",1
"GTATTAGAAACAGA-1","T cells",1
"GTATTAGAGGTCTA-1","T cells",0.982799046545885
"GTATTCACACAGCT-1","T cells",1
"GTATTCACGGGTGA-1","T cells",0.911196676933345
"GTCAACGACACTGA-1","T cells",1
"GTCAACGAGTGTAC-1","Mono",1
"GTCAATCTACACCA-1","T cells",0.8595826175897
"GTCAATCTGTAGCT-1","T cells",0.837116976402879
"GTCAATCTTGTGGT-1","T cells",1
"GTCACCTGCCTCCA-1","T cells",1
"GTCACCTGTCCCGT-1","T cells",1
"GTCATACTAATCGC-1","B cells",1
"GTCATACTGCGATT-1","T cells",0.921596086559672
"GTCATACTTCGCCT-1","Platelet",1
"GTCATACTTTACCT-1","T cells",0.861197640674937
"GTCATACTTTGACG-1","T cells",1
"GTCCAAGAAAAACG-1","T cells",1
"GTCCACTGACCTCC-1","T cells",1
"GTCCACTGGGTACT-1","Mono",1
"GTCCAGCTACGGGA-1","T cells",1
"GTCCCATGTGGTGT-1","Mono",1
"GTCGAATGAAGGCG-1","Mono",1
"GTCGACCTGAATGA-1","NK",0.927494206807326
"GTCGACCTGTTCAG-1","T cells",0.925133360822365
"GTCGCACTTGAGAA-1","B cells",1
"GTCTAACTGGTCTA-1","Mono",1
"GTCTAGGAGCTTCC-1","Mono",1
"GTGAACACACTCTT-1","T cells",1
"GTGAACACTCAGGT-1","T cells",1
"GTGACCCTTAAGCC-1","T cells",0.734199336376783
"GTGATGACAAGTGA-1","T cells",1
"GTGATGACCTGAGT-1","B cells",1
"GTGATGACGGTTTG-1","T cells",0.828243608947857
"GTGATTCTCATTTC-1","T cells",1
"GTGATTCTCTCTCG-1","Mono",1
"GTGATTCTGGTTCA-1","NK",0.925373105542001
"GTGATTCTGTCGAT-1","T cells",1
"GTGATTCTTAGCGT-1","B cells",1
"GTGCCACTCAGGAG-1","T cells",1
"GTGGATTGCACTAG-1","Mono",1
"GTGGATTGCGGAGA-1","T cells",0.99279549860679
"GTGGATTGTAACGC-1","T cells",0.999999999999999
"GTGTACGATCAGTG-1","T cells",0.985429348718898
"GTGTAGTGGGTACT-1","T cells",1
"GTGTATCTAGCCTA-1","B cells",1
"GTGTATCTAGTAGA-1","NK",0.884931197106151
"GTGTATCTGTTACG-1","B cells",1
"GTGTCAGAAGCGTT-1","T cells",0.554574028721774
"GTTAAAACCGAGAG-1","NK",0.940133501922647
"GTTAAATGCTCGAA-1","T cells",1
"GTTAAATGTCGACA-1","B cells",1
"GTTAACCTAGCTAC-1","T cells",1
"GTTAACCTTGCTTT-1","Mono",1
"GTTAGGTGCACTCC-1","T cells",1
"GTTAGGTGCCAGTA-1","Mono",1
"GTTAGGTGCCCAAA-1","Mono",1
"GTTAGGTGGAACTC-1","B cells",1
"GTTAGTCTAAGAAC-1","T cells",0.63805230396232
"GTTATAGAGGACAG-1","T cells",1
"GTTATGCTTTCATC-1","T cells",1
"GTTCAACTGGGACA-1","NK",0.806571008601913
"GTTCAACTTATGCG-1","T cells",0.983369203099832
"GTTGACGAGCCCTT-1","T cells",0.910059991578294
"GTTGACGATATCGG-1","NK",0.984443213475331
"GTTGAGTGGTCTTT-1","Mono",1
"GTTGAGTGTGCTTT-1","T cells",1
"GTTGATCTGGGACA-1","T cells",1
"GTTGATCTTTTCAC-1","T cells",0.966486405476081
"GTTGGATGTTTACC-1","Mono",1
"GTTGTACTATTCCT-1","Mono",1
"GTTGTACTTTTGGG-1","T cells",1
"GTTTAAGACCATGA-1","Mono",1
"GTTTAAGACTGTCC-1","T cells",0.81367158915183
"TAAACAACCAACCA-1","T cells",1
"TAAACAACGAATCC-1","B cells",1
"TAAAGACTCAGGAG-1","T cells",1
"TAAATCGATGAGGG-1","T cells",1
"TAACAATGTGCCCT-1","B cells",1
"TAACACCTTCGCTC-1","Mono",1
"TAACACCTTCGTAG-1","Mono",1
"TAACACCTTGTTTC-1","Platelet",1
"TAACATGACACTAG-1","B cells",1
"TAACCGGACTTACT-1","T cells",1
"TAACGTCTCAACCA-1","Mono",1
"TAACGTCTCATTGG-1","T cells",0.991360295130657
"TAACTAGAATTTCC-1","T cells",1
"TAACTAGACTTAGG-1","T cells",1
"TAACTAGATCTGGA-1","T cells",1
"TAACTCACGAGGAC-1","Mono",1
"TAACTCACGTACAC-1","B cells",1
"TAACTCACGTATCG-1","Mono",1
"TAACTCACTCTACT-1","NK",0.859092813735748
"TAAGAACTGTGTCA-1","Mono",1
"TAAGAGGACTAAGC-1","B cells",1
"TAAGAGGACTTGTT-1","NK",0.937933813517738
"TAAGATACGGTTCA-1","Mono",1
"TAAGATTGCGTAGT-1","T cells",1
"TAAGATTGTTGCTT-1","T cells",1
"TAAGCGTGAGGTTC-1","Mono",1
"TAAGCGTGGACAAA-1","Mono",1
"TAAGCGTGGGAAAT-1","T cells",1
"TAAGCGTGTGCTCC-1","Mono",1
"TAAGGCTGCCATGA-1","T cells",0.928042441331704
"TAAGGCTGCTGCTC-1","T cells",1
"TAAGGCTGTCTCGC-1","Mono",1
"TAAGGGCTGCTGTA-1","T cells",0.930047624787062
"TAAGGGCTTTACTC-1","T cells",0.892411803026891
"TAAGTAACCGAGAG-1","B cells",1
"TAAGTAACCTCCAC-1","B cells",1
"TAAGTAACCTGTAG-1","T cells",1
"TAAGTAACTTGTCT-1","T cells",0.69175492445736
"TAATGATGAGCGGA-1","T cells",1
"TAATGCCTCATGAC-1","T cells",1
"TAATGCCTCGTCTC-1","NK",0.880248991689587
"TAATGTGAAGATGA-1","T cells",1
"TAATGTGACTGCAA-1","Mono",1
"TAATGTGATTACTC-1","T cells",0.826405847838991
"TACAAATGGGTACT-1","T cells",0.995377620362466
"TACAATGAAAACAG-1","Mono",1
"TACAATGACTTAGG-1","T cells",1
"TACAATGATGCTAG-1","T cells",0.773865646178366
"TACACACTCACACA-1","T cells",1
"TACACACTCTTACT-1","T cells",0.992741770809608
"TACATAGAACGCAT-1","T cells",0.837067158601701
"TACATCACACGGGA-1","T cells",1
"TACATCACCTGTTT-1","Mono",1
"TACATCACGCTAAC-1","B cells",1
"TACATCACTGAACC-1","Mono",1
"TACCATTGAGGTTC-1","T cells",1
"TACCATTGCGGGAA-1","Mono",1
"TACCATTGGGGATG-1","Mono",1
"TACCATTGTGAGGG-1","Mono",1
"TACCGGCTGTTGGT-1","T cells",1
"TACGAGTGATCTCT-1","T cells",1
"TACGAGTGATGCTG-1","Mono",1
"TACGAGTGCGGAGA-1","T cells",0.875010807522912
"TACGAGTGGTTGGT-1","T cells",1
"TACGATCTAGTGTC-1","T cells",0.979004833198355
"TACGATCTCACTGA-1","Mono",1
"TACGATCTTACGAC-1","T cells",0.853532611525653
"TACGCAGAGAATCC-1","NK",0.982071417793762
"TACGCCACATTCCT-1","T cells",1
"TACGCCACTCCCAC-1","Mono",1
"TACGCCACTCCGAA-1","B cells",1
"TACGGAACGCGTTA-1","B cells",1
"TACGGCCTGGGACA-1","NK",0.923673461416391
"TACGTACTACGGAG-1","T cells",0.878227003949956
"TACGTACTCAGTTG-1","T cells",1
"TACGTACTCCCGTT-1","B cells",1
"TACGTTACAGAAGT-1","T cells",1
"TACGTTACCAAGCT-1","Mono",1
"TACTAAGAAAGGTA-1","B cells",1
"TACTAAGAATCACG-1","T cells",1
"TACTAAGATGATGC-1","Mono",1
"TACTAAGATTGCGA-1","T cells",1
"TACTACACGAGAGC-1","T cells",1
"TACTACACTTACCT-1","T cells",0.589549729340467
"TACTACTGAACCTG-1","Mono",1
"TACTACTGATGTCG-1","T cells",0.8839890974415
"TACTACTGATTCTC-1","T cells",1
"TACTACTGTATGGC-1","T cells",0.999999999999999
"TACTCAACGGTCTA-1","Mono",1
"TACTCAACTGCTAG-1","B cells",1
"TACTCCCTCAGTTG-1","T cells",1
"TACTCTGAATCGAC-1","NK",0.890104478789752
"TACTCTGACGAGTT-1","T cells",1
"TACTCTGATTGACG-1","B cells",1
"TACTGGGATCGATG-1","T cells",1
"TACTGTTGAAAGCA-1","T cells",1
"TACTGTTGAGGCGA-1","NK",0.95175338734712
"TACTGTTGCTGAAC-1","B cells",1
"TACTTGACTCCTCG-1","T cells",0.85288194723119
"TACTTGACTGGTGT-1","B cells",1
"TACTTTCTTTTGGG-1","T cells",0.776803389767883
"TAGAAACTAATCGC-1","T cells",1
"TAGAAACTGCTTCC-1","Mono",1
"TAGAAACTGGGATG-1","T cells",0.949272804765795
"TAGAATTGCGACAT-1","T cells",1
"TAGAATTGTATCGG-1","T cells",1
"TAGACGTGCTTGAG-1","T cells",0.946218542037148
"TAGACGTGTCGCTC-1","T cells",1
"TAGAGCACCTTACT-1","B cells",1
"TAGATTGACTTGTT-1","B cells",1
"TAGATTGAGGCATT-1","T cells",0.905125646195383
"TAGCATCTCAGCTA-1","NK",0.940363447539282
"TAGCATCTCCCTCA-1","T cells",1
"TAGCATCTGCTGTA-1","Mono",1
"TAGCATCTGGGACA-1","T cells",0.995193117370862
"TAGCATCTTGTCGA-1","T cells",1
"TAGCCCACAAAAGC-1","T cells",1
"TAGCCCACAGCCAT-1","T cells",0.765567087467375
"TAGCCCACAGCTAC-1","NK",0.947603089438987
"TAGCCCACCCACAA-1","T cells",0.98914139392581
"TAGCCCTGCGGAGA-1","T cells",0.917406083866247
"TAGCCGCTTACGAC-1","T cells",1
"TAGCCGCTTACTTC-1","T cells",0.68727499717563
"TAGCCGCTTTCCAT-1","Mono",1
"TAGCTACTGAATAG-1","B cells",1
"TAGCTACTGTAGCT-1","T cells",1
"TAGCTACTTTTGCT-1","T cells",0.786903055938187
"TAGGACTGTGCTGA-1","T cells",0.666323661519498
"TAGGAGCTAAGGCG-1","B cells",1
"TAGGAGCTGAGGGT-1","T cells",1
"TAGGAGCTTGCATG-1","B cells",1
"TAGGCAACCGTCTC-1","B cells",1
"TAGGCATGCTCTCG-1","T cells",0.82351237583154
"TAGGCATGGCGAGA-1","T cells",0.898675033384896
"TAGGCTGATGCCTC-1","Mono",1
"TAGGGACTGAACTC-1","NK",0.71342079090294
"TAGGTCGACACTGA-1","T cells",1
"TAGGTCGAGGATCT-1","B cells",1
"TAGGTGACACACTG-1","T cells",1
"TAGGTGACACGTTG-1","B cells",1
"TAGGTGTGTTCTGT-1","T cells",0.869644728059002
"TAGGTTCTGAAGGC-1","T cells",1
"TAGGTTCTTCTTAC-1","Mono",1
"TAGGTTCTTGCTGA-1","Mono",1
"TAGTAAACCTCGCT-1","T cells",0.991231106090867
"TAGTAAACGTCACA-1","T cells",1
"TAGTAATGAGATCC-1","T cells",1
"TAGTACCTAAGAAC-1","Mono",1
"TAGTATGATCTTAC-1","B cells",1
"TAGTATGATTCTCA-1","T cells",1
"TAGTCTTGGCTGTA-1","T cells",1
"TAGTCTTGGGACTT-1","T cells",0.737636160461127
"TAGTCTTGTGGAAA-1","T cells",0.868308064494954
"TAGTGGTGAAGTGA-1","NK",0.890857376800559
"TAGTTAGAACCACA-1","NK",0.916536804908842
"TAGTTAGATGAACC-1","T cells",1
"TATAAGACAACAGA-1","T cells",0.936300644677196
"TATAAGACAGCTCA-1","Mono",1
"TATAAGTGACACCA-1","Mono",1
"TATAAGTGTATCGG-1","Mono",1
"TATAAGTGTGGTGT-1","Mono",1
"TATACAGAACCCTC-1","T cells",0.955393672539375
"TATACAGAAGAACA-1","T cells",0.951328196659267
"TATACAGATCCAGA-1","T cells",1
"TATACCACCTGATG-1","B cells",1
"TATACGCTACCAAC-1","T cells",1
"TATAGATGGACGGA-1","T cells",0.999999999999999
"TATAGATGTTCCGC-1","Mono",0.999999999999999
"TATCCAACCAGCTA-1","Mono",1
"TATCCAACTCTCTA-1","T cells",0.774568361732323
"TATCGACTACTAGC-1","NK",0.966752392591858
"TATCGACTCGATAC-1","Mono",1
"TATCGTACAGATGA-1","T cells",0.813454299660134
"TATCGTACATTCCT-1","Mono",1
"TATCTCGAGAGATA-1","T cells",1
"TATCTGACAGGTTC-1","T cells",0.801855030655984
"TATCTGACTGTTTC-1","T cells",0.915626990778017
"TATCTTCTAAACAG-1","T cells",1
"TATGAATGGAGGAC-1","T cells",0.805996856242127
"TATGAATGTTTGCT-1","Mono",1
"TATGCGGATAACCG-1","T cells",1
"TATGGGTGCATCAG-1","NK",0.684088633698579
"TATGGGTGCTAGCA-1","B cells",1
"TATGGTCTCTACCC-1","T cells",1
"TATGTCACGGAACG-1","B cells",1
"TATGTCACTAACCG-1","Mono",1
"TATGTCACTTCTCA-1","B cells",1
"TATGTGCTCCGATA-1","Mono",1
"TATGTGCTGGATTC-1","T cells",1
"TATTGCTGAAGAAC-1","Mono",1
"TATTGCTGCCGTTC-1","B cells",0.919434480031573
"TATTGCTGTCTGGA-1","T cells",0.960984697391298
"TATTGCTGTGCACA-1","T cells",0.876875033411553
"TATTTCCTATTGGC-1","Mono",1
"TATTTCCTGGAGGT-1","T cells",0.911402384364249
"TATTTCCTGGTGTT-1","T cells",1
"TCAACACTGTTTGG-1","NK",0.865931955308219
"TCAAGGACAGCGTT-1","T cells",1
"TCAAGGACATTCTC-1","T cells",0.856540145773144
"TCAAGGACGGTGTT-1","Mono",1
"TCAATCACACTCTT-1","T cells",0.896116009777075
"TCAATCACAGTCGT-1","Mono",1
"TCACAACTATGTGC-1","T cells",1
"TCACAACTTTGCTT-1","Mono",1
"TCACATACACTTTC-1","T cells",0.794832931853465
"TCACATACAGGGTG-1","T cells",1
"TCACCCGAGACGGA-1","Mono",1
"TCACCGTGCTCGCT-1","Mono",1
"TCACCTCTACGACT-1","T cells",0.782497886050228
"TCACCTCTTCCAAG-1","Mono",1
"TCACGAGAGGAGGT-1","B cells",1
"TCACTATGGGGCAA-1","T cells",0.811889720498448
"TCACTATGGTTGTG-1","B cells",0.979005203626901
"TCAGACGACGCTAA-1","T cells",1
"TCAGACGACGTTAG-1","NK",0.950502685280334
"TCAGAGACTCCAGA-1","T cells",1
"TCAGCAGACTCCAC-1","T cells",0.988598747362772
"TCAGCGCTCTAGTG-1","T cells",0.815014363975568
"TCAGCGCTGGATCT-1","B cells",1
"TCAGCGCTGGTATC-1","T cells",0.796080351136291
"TCAGGATGAAGTAG-1","T cells",1
"TCAGGATGCCTTTA-1","Mono",1
"TCAGTGGAAGATCC-1","NK",0.578929886217359
"TCAGTTACCTACGA-1","Mono",1
"TCAGTTACTAGAAG-1","T cells",0.989339268337439
"TCATCAACCCGATA-1","T cells",1
"TCATCAACTGTTCT-1","Mono",1
"TCATCATGCAGTTG-1","T cells",1
"TCATCCCTTACTGG-1","T cells",1
"TCATTCGATACAGC-1","Mono",1
"TCCACGTGGAAACA-1","T cells",1
"TCCACTCTACACTG-1","T cells",0.944872456303241
"TCCACTCTGAGCTT-1","Mono",1
"TCCACTCTTACTTC-1","B cells",1
"TCCATAACAAAGTG-1","T cells",1
"TCCATAACCGTAGT-1","B cells",1
"TCCATAACGATGAA-1","T cells",1
"TCCATAACTACGCA-1","T cells",1
"TCCATCCTCCCTAC-1","T cells",0.890668160296595
"TCCCACGATCATTC-1","T cells",1
"TCCCATCTCAAAGA-1","Mono",1
"TCCCGAACACAGTC-1","NK",0.93403735682165
"TCCCGAACTTCGCC-1","Mono",1
"TCCCGATGAGATCC-1","T cells",0.988307661893806
"TCCCGATGCCTGAA-1","Mono",1
"TCCCTACTCAACTG-1","B cells",1
"TCCGAAGACAATCG-1","Mono",1
"TCCGAAGACGTTAG-1","T cells",1
"TCCGGACTGAGGTG-1","T cells",1
"TCCGGACTGTACGT-1","T cells",0.66024995599155
"TCCTAAACATCGAC-1","T cells",0.756068618460407
"TCCTAAACCGAGAG-1","T cells",1
"TCCTAAACCGCATA-1","NK",0.857098276451074
"TCCTAATGGTTTGG-1","T cells",0.897813582485412
"TCCTACCTGTCGTA-1","T cells",1
"TCCTATGAAAAGCA-1","T cells",0.926559491951756
"TCGAATCTCTGGTA-1","T cells",0.851108270538508
"TCGACCTGCCGATA-1","Mono",0.999999999999999
"TCGACGCTTCTATC-1","Mono",1
"TCGACGCTTTGACG-1","T cells",1
"TCGAGAACGACAGG-1","T cells",0.985115557444132
"TCGAGAACGTTAGC-1","T cells",1
"TCGAGCCTATCAGC-1","B cells",1
"TCGAGCCTGCGAGA-1","T cells",0.814302974345214
"TCGAGCCTTGTGAC-1","T cells",1
"TCGATACTATTCCT-1","T cells",0.786766125468621
"TCGATACTTGCACA-1","T cells",1
"TCGATTTGATGCCA-1","Mono",1
"TCGATTTGCACTCC-1","T cells",1
"TCGATTTGCAGCTA-1","NK",0.96617893945169
"TCGATTTGCCTACC-1","Mono",1
"TCGATTTGTCGTGA-1","B cells",1
"TCGCAGCTAGATCC-1","T cells",0.769479119881559
"TCGCCATGAGACTC-1","T cells",0.988797909618712
"TCGCCATGTGGTCA-1","B cells",1
"TCGGACCTAACAGA-1","T cells",1
"TCGGACCTATAAGG-1","B cells",1
"TCGGACCTGTACAC-1","T cells",1
"TCGGTAGAGTAGGG-1","T cells",1
"TCGGTAGATCCCAC-1","B cells",1
"TCGTAGGATCGACA-1","T cells",1
"TCGTTATGGACAAA-1","T cells",0.897572421873116
"TCTAACACCAGTTG-1","NK",0.834109175163178
"TCTAACACGAGCAG-1","Mono",1
"TCTAACTGAACCAC-1","T cells",0.981187925789609
"TCTAAGCTAATGCC-1","T cells",1
"TCTAAGCTTAGTCG-1","T cells",0.900288030644897
"TCTAAGCTTCTAGG-1","Mono",1
"TCTAAGCTTGTTCT-1","Mono",1
"TCTAAGCTTTCGCC-1","B cells",1
"TCTACAACGACTAC-1","Mono",1
"TCTAGACTTAGAAG-1","Mono",1
"TCTAGTTGCACCAA-1","Mono",1
"TCTATGTGAAGAGT-1","Mono",1
"TCTATGTGAGTCTG-1","T cells",0.742805994771186
"TCTCAAACCTAAGC-1","B cells",0.999999999999999
"TCTCTAGAATTTCC-1","T cells",0.980711365909409
"TCTGATACACGTGT-1","T cells",1
"TCTGATACTCGCCT-1","T cells",1
"TCTTACGAACCTGA-1","Mono",1
"TCTTCAGAGCTACA-1","Mono",1
"TCTTGATGCGGAGA-1","T cells",0.945724806054911
"TGAAATTGGTGAGG-1","Mono",1
"TGAACCGAAAACGA-1","T cells",1
"TGAACCGACTACTT-1","Mono",1
"TGAACCGATTCGGA-1","Mono",1
"TGAAGCACTCACGA-1","T cells",0.834905051129669
"TGAAGCTGAACGAA-1","T cells",1
"TGAAGCTGCATGGT-1","B cells",1
"TGAAGCTGCGTAAC-1","T cells",0.98531708871759
"TGAATAACCACTTT-1","T cells",1
"TGAATAACTCCCAC-1","T cells",0.938412840137769
"TGACACGACCTTAT-1","B cells",1
"TGACCAGACAACCA-1","T cells",1
"TGACCAGAGGATTC-1","T cells",0.982536756497895
"TGACCGCTAAAAGC-1","T cells",0.986664733676942
"TGACCGCTCTGCAA-1","T cells",0.999999999999999
"TGACGATGCAAAGA-1","Mono",1
"TGACGCCTGTACCA-1","T cells",1
"TGACGCCTTTACTC-1","T cells",0.985460084075334
"TGACTGGAAGAGAT-1","Mono",1
"TGACTGGACCGTAA-1","T cells",1
"TGACTGGACGCAAT-1","T cells",1
"TGACTGGAGGACAG-1","B cells",1
"TGACTGGATTCTCA-1","T cells",1
"TGACTTACACACCA-1","T cells",1
"TGACTTACAGTCTG-1","Mono",1
"TGACTTTGCGCATA-1","T cells",1
"TGACTTTGTTTGTC-1","T cells",1
"TGAGACACAAGGTA-1","T cells",1
"TGAGACACTCAAGC-1","T cells",0.842202082116292
"TGAGCTGAATGCTG-1","Mono",1
"TGAGCTGACTGGAT-1","Mono",1
"TGAGCTGATGCTAG-1","Mono",1
"TGAGGACTCTCATT-1","Mono",1
"TGAGGACTTCATTC-1","T cells",1
"TGAGGTACGAACCT-1","Mono",1
"TGAGTCGAGTTACG-1","B cells",1
"TGAGTGACTGAGCT-1","T cells",0.963820479337965
"TGATAAACGAATCC-1","T cells",1
"TGATAAACTCCGTC-1","NK",0.912514962468631
"TGATAAACTTTCAC-1","T cells",1
"TGATACCTCACTAG-1","Mono",1
"TGATACCTGTTGGT-1","T cells",0.923981062845337
"TGATACCTTATGCG-1","T cells",1
"TGATACCTTGAAGA-1","T cells",1
"TGATATGAACCTTT-1","T cells",1
"TGATCACTAGCATC-1","T cells",0.772981906123899
"TGATCACTCTCGCT-1","T cells",1
"TGATCACTTCTACT-1","B cells",1
"TGATCGGACTGACA-1","Mono",1
"TGATCGGAGGAGCA-1","B cells",1
"TGATCGGATATGCG-1","Mono",1
"TGATTAGACATTGG-1","T cells",0.999556616507712
"TGATTAGATGACTG-1","B cells",1
"TGATTAGATGCTAG-1","T cells",1
"TGATTCACTATGCG-1","T cells",1
"TGATTCACTGTCAG-1","B cells",1
"TGATTCTGCCGAAT-1","T cells",1
"TGATTCTGCTCTTA-1","T cells",1
"TGCAAGTGAGAACA-1","T cells",1
"TGCAAGTGGGTAGG-1","Mono",1
"TGCAATCTTCAGGT-1","Mono",1
"TGCACAGACGACAT-1","NK",0.948285524317444
"TGCCAAGAGCAGTT-1","Mono",1
"TGCCAAGATCTCTA-1","T cells",1
"TGCCACTGAACGTC-1","T cells",1
"TGCCACTGCGATAC-1","NK",0.969130754779213
"TGCCAGCTTGGCAT-1","T cells",0.992878372761484
"TGCCCAACAGCAAA-1","T cells",1
"TGCCCAACCGCATA-1","Mono",1
"TGCCGACTCTCCCA-1","B cells",1
"TGCGAAACAGTCAC-1","B cells",1
"TGCGAAACGTTGCA-1","B cells",1
"TGCGATGAACGGTT-1","T cells",1
"TGCGATGACCTCGT-1","T cells",1
"TGCGATGACTAGTG-1","B cells",1
"TGCGATGACTGCTC-1","B cells",1
"TGCGATGACTTGCC-1","B cells",1
"TGCGATGAGTGCTA-1","Mono",1
"TGCGCACTCTTGAG-1","Mono",1
"TGCGTAGAATAAGG-1","Mono",1
"TGCGTAGACGGGAA-1","B cells",1
"TGCGTAGATGGTCA-1","Mono",1
"TGCTAGGAAACCGT-1","T cells",0.834450736347246
"TGCTAGGATAGTCG-1","T cells",0.984545749388311
"TGCTATACGGTTCA-1","Mono",1
"TGCTATACTGCTGA-1","T cells",0.922276324094016
"TGCTGAGAGAGCAG-1","NK",0.963437137751194
"TGCTGAGATTATCC-1","T cells",1
"TGGAAAGACTCTCG-1","B cells",1
"TGGAAAGAGCGATT-1","T cells",1
"TGGAAAGAGGTCAT-1","Mono",1
"TGGAAAGATATGGC-1","T cells",0.945961209142801
"TGGAACACAAACAG-1","NK",0.914492260629672
"TGGAACACGCTAAC-1","T cells",0.881349716029111
"TGGAAGCTCAGATC-1","T cells",1
"TGGACCCTACACTG-1","Mono",1
"TGGACCCTCATGGT-1","T cells",0.839519287789485
"TGGACCCTGGTACT-1","Mono",1
"TGGACTGAGTATGC-1","T cells",0.994274987913769
"TGGAGACTATCAGC-1","Mono",1
"TGGAGACTTCAAGC-1","T cells",0.980946366459998
"TGGAGACTTGACCA-1","T cells",0.802276841782401
"TGGAGGGACGGAGA-1","Mono",1
"TGGAGGGAGCTATG-1","T cells",0.968857997570094
"TGGATCGATAAAGG-1","T cells",1
"TGGATGTGACCTAG-1","B cells",1
"TGGATGTGTGAAGA-1","B cells",1
"TGGATTCTCATACG-1","T cells",0.798932164121587
"TGGCAATGCTTGTT-1","B cells",1
"TGGCACCTTCACGA-1","T cells",0.900925107576983
"TGGCACCTTCAGTG-1","Mono",1
"TGGGTATGAAGAGT-1","T cells",1
"TGGGTATGCACAAC-1","T cells",1
"TGGGTATGGTACGT-1","B cells",1
"TGGGTATGTTTGGG-1","Mono",1
"TGGTAGACATGCCA-1","T cells",0.989482215398468
"TGGTAGACCCTCAC-1","NK",0.886713099710437
"TGGTAGACCTGATG-1","T cells",1
"TGGTAGTGCACTGA-1","Mono",1
"TGGTATCTAAACAG-1","T cells",0.988070125396553
"TGGTATCTCTTCCG-1","T cells",1
"TGGTCAGACCCAAA-1","B cells",0.934487799574704
"TGGTTACTGACGTT-1","Mono",1
"TGGTTACTGTTCTT-1","T cells",1
"TGTAACCTAGAGGC-1","T cells",0.991612335704861
"TGTAACCTTGCCTC-1","Mono",1
"TGTAATGACACAAC-1","NK",0.965726315932853
"TGTAATGAGGTAAA-1","NK",0.872584790476961
"TGTACTTGCTCTAT-1","Mono",1
"TGTAGGTGCGAGAG-1","B cells",1
"TGTAGGTGCTATGG-1","T cells",1
"TGTAGGTGCTCTAT-1","Mono",1
"TGTAGGTGTGCTGA-1","T cells",0.960654491778919
"TGTAGTCTTCCAGA-1","B cells",0.950273131207636
"TGTAGTCTTGCACA-1","T cells",0.914978925476527
"TGTATCTGTTAGGC-1","T cells",1
"TGTATGCTCATGGT-1","B cells",1
"TGTATGCTGTAGGG-1","T cells",0.978375810117777
"TGTATGCTTTCATC-1","T cells",1
"TGTCAGGAATACCG-1","T cells",1
"TGTCAGGAGATGAA-1","Mono",0.579062859648535
"TGTCTAACCCCTTG-1","T cells",1
"TGTGACGATTCTCA-1","T cells",0.853222056832067
"TGTGAGACTGTCAG-1","Mono",1
"TGTGAGACTTGAGC-1","T cells",1
"TGTGAGTGACCACA-1","T cells",1
"TGTGAGTGAGTGCT-1","Mono",1
"TGTGAGTGGAGATA-1","T cells",0.919651912003437
"TGTGATCTCTCTAT-1","B cells",1
"TGTGATCTGACACT-1","T cells",0.722574945278303
"TGTGGATGGCCAAT-1","B cells",1
"TGTTAAGACAAAGA-1","Mono",1
"TGTTAAGATAAGGA-1","Mono",1
"TGTTACACCGCATA-1","Mono",1
"TGTTACACGACTAC-1","Mono",1
"TGTTACTGGCTACA-1","T cells",0.890099558688395
"TGTTACTGTAGTCG-1","T cells",0.722805202057844
"TTAACCACCGTAAC-1","T cells",0.976277393296906
"TTAACCACTAAGGA-1","T cells",0.867120989379484
"TTAACCACTCAGAC-1","T cells",0.832516779638146
"TTACACACGTGTTG-1","T cells",1
"TTACACACTCCTAT-1","T cells",1
"TTACCATGAATCGC-1","Mono",1
"TTACCATGGTTGAC-1","T cells",1
"TTACCATGTGTCTT-1","T cells",0.54599110416098
"TTACCATGTTGTGG-1","B cells",1
"TTACGACTGAGAGC-1","T cells",1
"TTACGACTTGACAC-1","Mono",1
"TTACGTACGTTCAG-1","Platelet",1
"TTACTCGAAGAATG-1","Mono",1
"TTACTCGACGCAAT-1","Mono",0.999999999999999
"TTACTCGAGGGTGA-1","T cells",1
"TTACTCGATCTACT-1","NK",0.972824555745244
"TTAGAATGTGGTGT-1","T cells",0.865125867237898
"TTAGAATGTGTAGC-1","T cells",1
"TTAGACCTCCTACC-1","T cells",0.972386964361486
"TTAGACCTCCTTTA-1","Mono",1
"TTAGCTACAACCGT-1","T cells",0.978021258097431
"TTAGCTACTGTCCC-1","Mono",1
"TTAGCTACTTTCGT-1","T cells",1
"TTAGGGACGCGAAG-1","T cells",0.854543366509195
"TTAGGGTGCTGGAT-1","B cells",1
"TTAGGGTGTCCTGC-1","Mono",1
"TTAGGTCTACTTTC-1","Mono",1
"TTAGTCACCAGTTG-1","T cells",1
"TTAGTCTGAAAGCA-1","B cells",1
"TTAGTCTGCCAACA-1","NK",0.925576427879242
"TTAGTCTGTGCACA-1","T cells",1
"TTATCCGACTAGTG-1","B cells",1
"TTATCCGAGAAAGT-1","Mono",1
"TTATGAGAGATAAG-1","T cells",0.915093868789505
"TTATGCACGTCACA-1","B cells",1
"TTATGGCTTATGGC-1","Mono",1
"TTATTCCTATGCTG-1","Mono",1
"TTATTCCTGGACAG-1","B cells",1
"TTATTCCTGGTACT-1","B cells",1
"TTATTCCTTCGTGA-1","T cells",1
"TTCAAAGATAAAGG-1","T cells",0.824407018844007
"TTCAACACAACAGA-1","T cells",1
"TTCAACACCCCAAA-1","Mono",1
"TTCAACACGGACGA-1","Mono",1
"TTCAAGCTAAGAAC-1","Mono",1
"TTCAAGCTAGATGA-1","T cells",0.99459092287278
"TTCAAGCTGTTGAC-1","T cells",1
"TTCAAGCTTGATGC-1","T cells",1
"TTCAAGCTTTCGCC-1","T cells",1
"TTCACAACCCGTTC-1","Mono",1
"TTCACAACGTCTGA-1","Mono",1
"TTCAGACTACCCAA-1","T cells",0.987514375455606
"TTCAGACTCTCGAA-1","T cells",1
"TTCAGTACCGACTA-1","T cells",0.995787691863484
"TTCAGTACTCAAGC-1","T cells",1
"TTCAGTACTCCTAT-1","Mono",1
"TTCAGTTGCCAAGT-1","T cells",1
"TTCAGTTGTCCTTA-1","Mono",1
"TTCAGTTGTCTAGG-1","T cells",0.917533567184705
"TTCAGTTGTCTCGC-1","B cells",1
"TTCATCGAGGTGGA-1","Mono",1
"TTCATGTGTGGTGT-1","T cells",0.949932934122286
"TTCATTCTATGTCG-1","Mono",1
"TTCATTCTTCTCTA-1","T cells",0.982802406692977
"TTCCAAACCTATGG-1","Mono",1
"TTCCAAACCTCCCA-1","B cells",1
"TTCCAAACTCCCAC-1","NK",0.906762370111169
"TTCCAAACTTGACG-1","T cells",0.876049058055678
"TTCCATGACGAGAG-1","Mono",1
"TTCCATGACTGTCC-1","T cells",0.773932697236952
"TTCCCACTTGAGGG-1","NK",0.96819820657567
"TTCCCACTTGTCTT-1","Mono",1
"TTCCTAGAAAGTGA-1","T cells",1
"TTCCTAGACTAGTG-1","Mono",1
"TTCGAGGACTCTAT-1","T cells",1
"TTCGAGGAGGGCAA-1","T cells",0.912481579363606
"TTCGAGGATAGAAG-1","Mono",1
"TTCGATTGAGCATC-1","T cells",0.993736888247127
"TTCGGAGAATGCCA-1","Mono",1
"TTCGGAGATGTGCA-1","T cells",1
"TTCGTATGAAAAGC-1","T cells",0.917756222181507
"TTCGTATGGATAGA-1","T cells",0.859009012783709
"TTCGTATGGTCTGA-1","T cells",0.972668007496878
"TTCGTATGTCCTTA-1","Mono",1
"TTCTACGAACGTAC-1","T cells",1
"TTCTACGAGTTGGT-1","T cells",1
"TTCTAGTGACACGT-1","T cells",1
"TTCTAGTGCATGAC-1","Mono",1
"TTCTAGTGGAGAGC-1","NK",0.897683484906162
"TTCTAGTGGTCACA-1","Mono",1
"TTCTCAGAAGAGAT-1","T cells",1
"TTCTCAGAAGCATC-1","B cells",1
"TTCTCAGATGGAGG-1","T cells",1
"TTCTGATGGAGACG-1","NK",0.880687288864982
"TTCTTACTCTGGAT-1","Mono",1
"TTGAACCTCCTTGC-1","B cells",1
"TTGAATGAACTACG-1","Mono",1
"TTGAATGACTTACT-1","T cells",0.986286296480814
"TTGAATGATCTCAT-1","B cells",1
"TTGACACTCTGTAG-1","T cells",1
"TTGACACTGATAAG-1","B cells",1
"TTGAGGACAGAACA-1","Mono",1
"TTGAGGACTACGCA-1","Mono",1
"TTGAGGTGGACGGA-1","T cells",1
"TTGCATTGAGCTAC-1","T cells",0.787584708325519
"TTGCATTGCTAAGC-1","Mono",1
"TTGCATTGTGACTG-1","T cells",1
"TTGCTAACACCAAC-1","T cells",0.887349391858373
"TTGCTAACACGCTA-1","Mono",1
"TTGCTAACCACTCC-1","T cells",1
"TTGCTATGGTACGT-1","Mono",1
"TTGCTATGGTAGGG-1","Mono",1
"TTGGAGACCAATCG-1","T cells",0.960381444660182
"TTGGAGACGCTATG-1","Mono",1
"TTGGAGACTATGGC-1","B cells",1
"TTGGGAACTGAACC-1","T cells",1
"TTGGTACTACTGGT-1","Mono",1
"TTGGTACTCTTAGG-1","T cells",1
"TTGGTACTGAATCC-1","B cells",1
"TTGGTACTGGATTC-1","B cells",1
"TTGTACACGTTGTG-1","B cells",1
"TTGTACACTTGCAG-1","T cells",1
"TTGTAGCTAGCTCA-1","T cells",1
"TTGTAGCTCTCTTA-1","B cells",1
"TTGTCATGGACGGA-1","NK",0.865514210461174
"TTTAGAGATCCTCG-1","B cells",1
"TTTAGCTGATACCG-1","T cells",1
"TTTAGCTGGATACC-1","Mono",1
"TTTAGCTGTACTCT-1","Mono",1
"TTTAGGCTCCTTTA-1","Mono",1
"TTTATCCTGTTGTG-1","Mono",1
"TTTCACGAGGTTCA-1","T cells",1
"TTTCAGTGGAAGGC-1","T cells",0.742715445105715
"TTTCAGTGTCACGA-1","B cells",1
"TTTCAGTGTCTATC-1","Mono",1
"TTTCAGTGTGCAGT-1","B cells",1
"TTTCCAGAGGTGAG-1","T cells",1
"TTTCGAACACCTGA-1","T cells",0.842680960985121
"TTTCGAACTCTCAT-1","Mono",1
"TTTCTACTGAGGCA-1","B cells",1
"TTTCTACTTCCTCG-1","B cells",1
"TTTGCATGAGAGGC-1","B cells",1
"TTTGCATGCCTCAC-1","T cells",1
