round,train_loss,val_loss,elapsed_seconds,val_macro_f1,val_acc
1,1.5423631189296356,1.542334724644567,0.0440746940168223,0.954059058488769,0.9657980456026058
2,1.4800529635917665,1.4801113978094484,0.0881493880336446,,
3,1.4214154016135516,1.421683568678419,0.1322240820504669,,
4,1.3659179672610362,1.3661889519817136,0.1762987760672892,,
5,1.3138856644429053,1.3140852965650596,0.22037347008411148,,
6,1.2658058357029311,1.2661638370730801,0.2644481641009338,,
7,1.219933868688141,1.2204092476259931,0.3085228581177561,,
8,1.1766626528388366,1.1771740263864632,0.3525975521345784,,
9,1.136989905609716,1.1374282257105777,0.3966722461514007,,
10,1.0975196270952652,1.0980817706831327,0.44074694016822297,,
11,1.0602287944851407,1.0608127126335074,0.48482163418504526,0.9647686185070448,0.9757180929819367
12,1.0246752527451906,1.0252514470954388,0.5288963282018676,,
13,0.9910222024984128,0.9917320983364697,0.5729710222186899,,
14,0.9587390746050944,0.9594420963202774,0.6170457162355122,,
15,0.9274612513700987,0.9281109094196147,0.6611204102523345,,
16,0.8975504941156837,0.898174053903582,0.7051951042691568,,
17,0.8695726683826506,0.8701640913427882,0.7492697982859791,,
18,0.8423035698303526,0.8430085998334086,0.7933444923028014,,
19,0.8167477258914899,0.817400529482042,0.8374191863196236,,
20,0.7913641833526318,0.7920311622041409,0.8814938803364459,,
21,0.76761264375086,0.768235663381737,0.9255685743532682,0.9711405758970445,0.9773467574770507
22,0.7447047911460207,0.7453343132331521,0.9696432683700905,,
23,0.7226714568724294,0.7232792363351783,1.0137179623869128,,
24,0.7013885811405917,0.7020667624660664,1.0577926564037352,,
25,0.6807354938043901,0.6814466090219276,1.1018673504205574,,
26,0.6606565087574259,0.6613833354992876,1.1459420444373798,,
27,0.6412046721801665,0.641933013410091,1.190016738454202,,
28,0.6236753851862228,0.6244639482306135,1.2340914324710244,,
29,0.6059046612713471,0.6067104484242802,1.2781661264878466,,
30,0.5888866092424713,0.5896937084738093,1.322240820504669,,
31,0.5723163034846771,0.5730981448803705,1.3663155145214914,0.9717135558469675,0.9783831803375778
32,0.5560975937227655,0.5569105076037958,1.4103902085383135,,
33,0.5411256957966697,0.5419144067082633,1.454464902555136,,
34,0.5260322917237886,0.5268323920625252,1.4985395965719581,,
35,0.5113907984433992,0.5121951104401836,1.5426142905887805,,
36,0.4972207812220704,0.4980665459050771,1.5866889846056027,,
37,0.483752051806353,0.48459280289539686,1.630763678622425,,
38,0.47064563906877444,0.47156731263663526,1.6748383726392473,,
39,0.45803574837074107,0.45901942906610566,1.7189130666560697,,
40,0.44586766245663917,0.4468582649051984,1.7629877606728919,,
41,0.4340337743350514,0.4350425628230951,1.8070624546897143,0.9722125621302234,0.979271542789458
42,0.4225787485989088,0.4235805223326659,1.8511371487065365,,
43,0.411845594709267,0.41289937907434404,1.8952118427233589,,
44,0.4011325113233969,0.40219018592225897,1.939286536740181,,
45,0.3906533136467899,0.39170532402446506,1.9833612307570034,,
46,0.3805929673224437,0.3816428473530911,2.0274359247738256,,
47,0.37079782205251427,0.37192408990711723,2.071510618790648,,
48,0.36149244533385244,0.3625958464953685,2.1155853128074704,,
49,0.3522986458787332,0.35342635136667994,2.159660006824293,,
50,0.3432677801995511,0.34443315724614176,2.203734700841115,,
51,0.33459292399783835,0.3357825069595873,2.247809394857937,0.9733413004098367,0.9807521468759254
52,0.3264038043721098,0.3275591160529529,2.2918840888747596,,
53,0.31819730544360725,0.31936544301040715,2.335958782891582,,
54,0.31031339855698953,0.31149823930106785,2.380033476908404,,
55,0.30255594795946916,0.3037703112186961,2.4241081709252263,,
56,0.29525020194804213,0.2965016607917693,2.4681828649420487,,
57,0.2881544479772412,0.2894200250409325,2.512257558958871,,
58,0.28133491566357965,0.28260626019962376,2.556332252975693,,
59,0.2746867748612354,0.27599313676021914,2.6004069469925155,,
60,0.26821036662668546,0.26955788588520335,2.644481641009338,,
61,0.2620617484950973,0.2634071360347996,2.6885563350261603,0.9734518488611889,0.9809002072845721
62,0.2560338182464776,0.257417611385066,2.7326310290429827,,
63,0.2502350630311739,0.2516492489291819,2.7767057230598047,,
64,0.24464506212117954,0.24610584898834437,2.820780417076627,,
65,0.23911194481831902,0.240586777992915,2.8648551110934495,,
66,0.23372626105782515,0.23519589320632667,2.908929805110272,,
67,0.22855144312436934,0.23003933994391276,2.953004499127094,,
68,0.2236199155098072,0.22512453148924177,2.9970791931439162,,
69,0.21874356870070094,0.22028356779290614,3.0411538871607386,,
70,0.2139678552619048,0.21552521308736755,3.085228581177561,,
71,0.20928837773456996,0.2108520260083453,3.129303275194383,0.9733845991325808,0.9810482676932188
72,0.2047170341706685,0.20629891744592255,3.1733779692112054,,
73,0.20031325486307916,0.20195163620058376,3.217452663228028,,
74,0.19607919235505475,0.1977766711868264,3.26152735724485,,
75,0.19188377453901434,0.1935814206116398,3.3056020512616726,,
76,0.18783042718155835,0.18953749631565459,3.3496767452784946,,
77,0.18385030096503294,0.18560021303137414,3.393751439295317,,
78,0.18001697521081314,0.18181339014947043,3.4378261333121394,,
79,0.17628381379101787,0.17811010498636248,3.481900827328962,,
80,0.17266925990617304,0.17454579064712428,3.5259755213457837,,
81,0.16910158172552558,0.171022219951288,3.570050215362606,0.9735536139557712,0.9813443885105123
82,0.1656857894421989,0.1676519135537764,3.6141249093794285,,
83,0.16232385263544408,0.1643208722565472,3.658199603396251,,
84,0.15908432569561132,0.1610917336234935,3.702274297413073,,
85,0.15607889281530685,0.15809260607692383,3.7463489914298953,,
86,0.15313350731756417,0.15519425971336995,3.7904236854467177,,
87,0.15017310708137055,0.1522903995561395,3.83449837946354,,
88,0.14736450693119593,0.14951452757167083,3.878573073480362,,
89,0.14454840940026606,0.14673260875489713,3.9226477674971845,,
90,0.14184658059337138,0.1440528511387694,3.966722461514007,,
91,0.139288279871241,0.14151961099922322,4.010797155530829,0.9736380798048107,0.981492448919159
92,0.13670742837006586,0.1389865342120571,4.054871849547651,,
93,0.13424501603135935,0.13657480655450385,4.098946543564474,,
94,0.13176130795749275,0.13414653575531577,4.143021237581296,,
95,0.12940525206108447,0.1318275077604386,4.187095931598118,,
96,0.12703677743414443,0.12950539867801006,4.231170625614941,,
97,0.12486181417317237,0.1274087675349323,4.275245319631763,,
98,0.12267661683217634,0.12527490495424193,4.319320013648586,,
99,0.12057678117643796,0.12321557101940028,4.363394707665408,,
100,0.1185360150707901,0.12119686024068797,4.40746940168223,,
101,0.11650456115094754,0.1192320288772021,4.451544095699052,0.9738913114837595,0.9819366301450992
102,0.11456647268795157,0.11734868196821845,4.495618789715874,,
103,0.11269047161198309,0.11552799498534941,4.539693483732696,,
104,0.110903492442272,0.11378739503241782,4.583768177749519,,
105,0.10913525697861189,0.11204594915949508,4.627842871766341,,
106,0.1073658687647084,0.11032147352441125,4.671917565783164,,
107,0.10560411672211253,0.10859556212196132,4.715992259799986,,
108,0.10392452882154456,0.10697880524812117,4.760066953816808,,
109,0.10226843582738886,0.10536877772841699,4.804141647833631,,
110,0.10070989731616918,0.1038806865133537,4.848216341850453,,
111,0.09921500104061551,0.10245509294868575,4.8922910358672755,0.9738913114837595,0.9819366301450992
112,0.09774502883754668,0.1010406603929133,4.9363657298840975,,
113,0.09627442657568779,0.09965462275158293,4.9804404239009195,,
114,0.09487253567543263,0.0983078476573267,5.024515117917742,,
115,0.09350248724685523,0.09698425457135244,5.068589811934564,,
116,0.09222527243380951,0.09575601745764196,5.112664505951386,,
117,0.09090597906284896,0.09449232622500105,5.156739199968209,,
118,0.08967003221095217,0.09332891633672882,5.200813893985031,,
119,0.08844899706877249,0.09216809154454776,5.244888588001854,,
120,0.08728237524248038,0.09107880638391089,5.288963282018676,,
121,0.0861414779150956,0.09001409809656942,5.333037976035498,0.9738098036732648,0.9817885697364525
122,0.08500647308333742,0.08890330739791466,5.377112670052321,,
123,0.08387248291495251,0.08781685756929251,5.421187364069143,,
124,0.08278889497727808,0.08678175853154417,5.465262058085965,,
125,0.0817412575068368,0.08580979394627448,5.509336752102787,,
126,0.08070597231689386,0.08483464257978619,5.553411446119609,,
127,0.07972837987920522,0.08392774289832962,5.597486140136432,,
128,0.0787159505333488,0.0829884950783096,5.641560834153254,,
129,0.07777323841284012,0.08209076385033891,5.685635528170076,,
130,0.07682048995266913,0.0812020528518813,5.729710222186899,,
131,0.07595349535911232,0.0804060704174358,5.773784916203721,0.9742689296491545,0.9820846905537459
132,0.07503538883118949,0.0795476492403336,5.817859610220544,,
133,0.07415178786845734,0.0787215529010803,5.861934304237366,,
134,0.0733162614519534,0.07792686137431713,5.906008998254188,,
135,0.07251619381091173,0.0771738748957737,5.9500836922710105,,
136,0.07168056956596049,0.07641180075742558,5.9941583862878325,,
137,0.0709122185502068,0.07569219235376048,6.038233080304655,,
138,0.07017244817214842,0.07499058018246849,6.082307774321477,,
139,0.06941182511419006,0.07426322402605201,6.126382468338299,,
140,0.06870735890496776,0.07361146489581326,6.170457162355122,,
141,0.06798910436851446,0.07295204970273025,6.214531856371944,0.9744376128627088,0.9823808113710394
142,0.06728154579800955,0.07230527579606788,6.258606550388766,,
143,0.06661284805873813,0.07168292473899054,6.302681244405589,,
144,0.06592498774670952,0.07105578819296973,6.346755938422411,,
145,0.06526339621879955,0.07046231310092065,6.390830632439234,,
146,0.06461272682128477,0.06985020605659155,6.434905326456056,,
147,0.06400458491342599,0.06927566518256954,6.478980020472878,,
148,0.06339397103092895,0.06871586223732738,6.5230547144897,,
149,0.0628243519349252,0.06817675333898675,6.567129408506522,,
150,0.06225993687120054,0.06765444140491342,6.611204102523345,,
151,0.0616992942825631,0.06714572832068312,6.655278796540167,0.9744376128627088,0.9823808113710394
152,0.06113072770064224,0.06665039379568867,6.699353490556989,,
153,0.06059703972610934,0.06617066602994541,6.743428184573812,,
154,0.06008392204879651,0.06571435198606468,6.787502878590634,,
155,0.05955734126378727,0.06525277475949717,6.831577572607456,,
156,0.05907848099831894,0.06480929432649178,6.875652266624279,,
157,0.05858217586362209,0.06435606323528968,6.919726960641101,,
158,0.05808973489228553,0.06392792770379825,6.963801654657924,,
159,0.05762713157072796,0.06350155248862947,7.0078763486747455,,
160,0.05717074254079456,0.06309099446307577,7.0519510426915675,,
161,0.05669851309026557,0.06266335205475311,7.09602573670839,0.9746034496492653,0.9826769321883329
162,0.05626191995523935,0.0622824532987022,7.140100430725212,,
163,0.05581560336606376,0.06187519030275939,7.184175124742035,,
164,0.05540136662980891,0.06149676444600779,7.228249818758857,,
165,0.05500326225943764,0.06113000231639747,7.272324512775679,,
166,0.05455538184015165,0.0607452451671742,7.316399206792502,,
167,0.05414907533578352,0.06038992845781229,7.360473900809324,,
168,0.0537458276545897,0.06004165115647364,7.404548594826146,,
169,0.05335017019083016,0.05969982079404269,7.448623288842969,,
170,0.052981016418045,0.05937119992684296,7.492697982859791,,
171,0.05262138006103277,0.05903437762076644,7.5367726768766135,0.9748508745854252,0.983121113414273
172,0.05226873931532181,0.05873054613877471,7.580847370893435,,
173,0.051907616807547,0.05842657977082762,7.624922064910257,,
174,0.05153874722622211,0.05810238891457689,7.66899675892708,,
175,0.05119689610316148,0.05781802881490036,7.713071452943902,,
176,0.05084207003088615,0.05751666993263757,7.757146146960724,,
177,0.05052024667125638,0.05725575070196654,7.801220840977547,,
178,0.05020167346146614,0.05700724582857435,7.845295534994369,,
179,0.04988111155205525,0.0567410782850073,7.889370229011192,,
180,0.04958821193560564,0.05648547495589287,7.933444923028014,,
181,0.04927139274781406,0.05624632352741359,7.977519617044836,0.9747665984713354,0.9829730530056263
182,0.04895479691260535,0.05598200868705146,8.021594311061659,,
183,0.04866404923464569,0.05575866919836299,8.065669005078481,,
184,0.0483647521960985,0.055514336523796,8.109743699095302,,
185,0.04805604215886977,0.05525387017340955,8.153818393112125,,
186,0.04778309206551552,0.0550395583698478,8.197893087128948,,
187,0.04751126595666759,0.05480797618761579,8.24196778114577,,
188,0.04721719711672871,0.05457987773213133,8.286042475162592,,
189,0.04693721998138042,0.05437036555551096,8.330117169179415,,
190,0.04666439503687015,0.05417829615503565,8.374191863196236,,
191,0.04640078227501539,0.05394076490310055,8.418266557213059,0.974937754143463,0.9832691738229198
192,0.04614712862958305,0.05374140392667356,8.462341251229882,,
193,0.04586885715647025,0.05354095394175686,8.506415945246705,,
194,0.04560141256592061,0.05332864850521229,8.550490639263526,,
195,0.04534300933122936,0.05311110716739623,8.594565333280348,,
196,0.04509309439530033,0.05292955217430016,8.638640027297171,,
197,0.04484743181320091,0.05276152147480714,8.682714721313992,,
198,0.04459079029375251,0.05259456807111939,8.726789415330815,,
199,0.04436223136202484,0.05241989948821819,8.770864109347638,,
200,0.04412087676760364,0.05222840828913864,8.81493880336446,,
201,0.04384092280833322,0.05199814374833171,8.859013497381282,0.9750952857455204,0.9832691738229198
202,0.04360995113719264,0.05185696150786813,8.903088191398105,,
203,0.0433546143537244,0.05168420389564341,8.947162885414926,,
204,0.04312135270341221,0.05149511087008498,8.991237579431749,,
205,0.04287759405206621,0.05131748864424589,9.035312273448572,,
206,0.04265914543659713,0.0511525064663849,9.079386967465393,,
207,0.04244439321738994,0.0509952389066548,9.123461661482215,,
208,0.04226065683391964,0.05083910017459095,9.167536355499038,,
209,0.04205893196708638,0.05074026456100936,9.211611049515861,,
210,0.04182135467231451,0.05056078497848954,9.255685743532682,,
211,0.0416169395906592,0.05043088831938251,9.299760437549505,0.9751821127115639,0.9834172342315665
212,0.04142188099852795,0.05026639321712633,9.343835131566328,,
213,0.0412329819360604,0.05010649562199171,9.387909825583149,,
214,0.04102283974137286,0.04998299211274274,9.431984519599972,,
215,0.04080810115213736,0.04983290462080513,9.476059213616795,,
216,0.04062366946531658,0.04967854471275594,9.520133907633616,,
217,0.04044503307457219,0.04955016607218023,9.564208601650439,,
218,0.0402516771831808,0.04941153435902433,9.608283295667261,,
219,0.04005481958874885,0.04927728645001801,9.652357989684083,,
220,0.0398804206741329,0.04915349914139809,9.696432683700905,,
221,0.03968644312566608,0.04901931768795931,9.740507377717728,0.9749349369107183,0.9829730530056263
222,0.03949681663147923,0.04888894163955446,9.784582071734551,,
223,0.03931773067697665,0.04879157143203527,9.828656765751372,,
224,0.03914951972073295,0.04866787273357359,9.872731459768195,,
225,0.03896334382642057,0.04853630353655484,9.916806153785018,,
226,0.03879895787666344,0.04842064503826745,9.960880847801839,,
227,0.03860474196223548,0.04827605166578258,10.004955541818662,,
228,0.03843892589722532,0.04815423809488183,10.049030235835485,,
229,0.03826980581268177,0.04805293647913474,10.093104929852306,,
230,0.03809731686746737,0.04792972020855902,10.137179623869129,,
231,0.03792624962085234,0.04781488955861977,10.181254317885951,0.9750191044924771,0.983121113414273
232,0.03776890072671837,0.04773005762754264,10.225329011902772,,
233,0.03760972258709307,0.0476340991041724,10.269403705919595,,
234,0.03744660371957385,0.04752775256660995,10.313478399936418,,
235,0.03727707981215308,0.04742795818823913,10.357553093953241,,
236,0.03713100836182193,0.04733631200652345,10.401627787970062,,
237,0.03695712423463676,0.04721349453038737,10.445702481986885,,
238,0.0367965898997607,0.04712971101437707,10.489777176003708,,
239,0.03663632470881179,0.04701541468168702,10.533851870020529,,
240,0.03646785441026788,0.04693765917441361,10.577926564037352,,
241,0.03631291913257938,0.04684470672215751,10.622001258054174,0.9751005960094332,0.9832691738229198
242,0.03616534088625212,0.04676071601309106,10.666075952070996,,
243,0.0360180454258822,0.04666416075202047,10.710150646087818,,
244,0.03588562882157603,0.04657141028337275,10.754225340104641,,
245,0.03576559255315976,0.04650729680269433,10.798300034121462,,
246,0.03560765085369413,0.04641804899415877,10.842374728138285,,
247,0.03546741526978641,0.0463345587914125,10.886449422155108,,
248,0.03531219067930388,0.04625253493964219,10.93052411617193,,
249,0.03516564960344139,0.04614561289487822,10.974598810188752,,
250,0.03501566533040065,0.04605445039150487,11.018673504205575,,
251,0.03487716894101337,0.04599747946355742,11.062748198222398,0.9753753759842431,0.9835652946402133
252,0.03474520749892043,0.04593022434504532,11.106822892239219,,
253,0.03460965457622918,0.04586153348794343,11.150897586256042,,
254,0.03445308685190313,0.04580279650247952,11.194972280272864,,
255,0.03432951178844153,0.04573933651286716,11.239046974289685,,
256,0.03417394150580665,0.04564368764861664,11.283121668306508,,
257,0.03405983048450071,0.04558402818684984,11.327196362323331,,
258,0.03391891535456568,0.04550891059325082,11.371271056340152,,
259,0.03378763947717296,0.04543291854189409,11.415345750356975,,
260,0.03367467506362923,0.0453640971136413,11.459420444373798,,
261,0.0335494558914912,0.04529405592493702,11.50349513839062,0.9755435897972978,0.9838614154575067
262,0.03341750174063488,0.0452207170929393,11.547569832407442,,
263,0.0333019660620647,0.04515716890896478,11.591644526424265,,
264,0.03316321172580971,0.04507443201975164,11.635719220441088,,
265,0.03303981825080834,0.0450116766013235,11.679793914457909,,
266,0.0329100556327671,0.04492401174756686,11.723868608474731,,
267,0.03279078697111395,0.0448572844517717,11.767943302491554,,
268,0.03267352513613717,0.04481630175623723,11.812017996508375,,
269,0.03253992933516871,0.04474771312817982,11.856092690525198,,
270,0.03243319364311866,0.04467968598653421,11.900167384542021,,
271,0.03229386318844493,0.04460186112177334,11.944242078558842,0.9755435897972978,0.9838614154575067
272,0.03218015075931097,0.04455522641792847,11.988316772575665,,
273,0.03207650298288569,0.04447221313008994,12.032391466592488,,
274,0.03194681828414721,0.0444022222440041,12.07646616060931,,
275,0.0318270096209186,0.04434367445222164,12.120540854626132,,
276,0.03170151510858073,0.04427049120521218,12.164615548642955,,
277,0.03159113923044634,0.04421958222717826,12.208690242659777,,
278,0.03146189109129208,0.0441538200176329,12.252764936676598,,
279,0.03133813380001298,0.04410735979212636,12.296839630693421,,
280,0.0312366468311098,0.04406994751720392,12.340914324710244,,
281,0.03116265578748716,0.04402188352594311,12.384989018727065,0.9756276558768475,0.9840094758661534
282,0.03103695001877396,0.04397150918606756,12.429063712743888,,
283,0.03092662100423853,0.04393900239741799,12.473138406760711,,
284,0.03083878835178439,0.04388908148658546,12.517213100777532,,
285,0.03072229368395221,0.04384317832564761,12.561287794794355,,
286,0.03060733304139809,0.04380455086310853,12.605362488811178,,
287,0.03049543406687499,0.04375468042794892,12.649437182828,,
288,0.03038542445024191,0.04371696916457582,12.693511876844822,,
289,0.03027505779131166,0.04368348351828166,12.737586570861644,,
290,0.03016249508889683,0.04363141975995383,12.781661264878467,,
291,0.0300570162501558,0.04358353426697964,12.825735958895288,0.9757339761616214,0.9840094758661534
292,0.02993846533707977,0.04352719188623243,12.869810652912111,,
293,0.0298450265424411,0.04347058861453038,12.913885346928934,,
294,0.02975680008569075,0.04342694534844626,12.957960040945755,,
295,0.02965145754704247,0.04340726706181646,13.002034734962578,,
296,0.02956565252992317,0.0433640511879345,13.0461094289794,,
297,0.02945857188350142,0.04332580044459258,13.090184122996222,,
298,0.02937321725078043,0.04328765128599046,13.134258817013045,,
299,0.02926670785308839,0.04321112561690632,13.178333511029868,,
300,0.02917150836427857,0.04315802708556377,13.22240820504669,,
301,0.02908004100545083,0.04309462592114009,13.266482899063512,0.9807826395504822,0.9846017175007403
302,0.02899378102744913,0.04305811327977119,13.310557593080334,,
303,0.02888975143807415,0.04303075553029606,13.354632287097157,,
304,0.0287960266096086,0.0430043579448994,13.398706981113978,,
305,0.02869261093039374,0.04296764720854549,13.442781675130801,,
306,0.02858486685748373,0.04292172794376103,13.486856369147624,,
307,0.0285223320454602,0.04287669603855196,13.530931063164445,,
308,0.02843585517451468,0.0428404101104937,13.575005757181268,,
309,0.02837524716922951,0.04280024024898638,13.61908045119809,,
310,0.02827467462220801,0.04276231991360412,13.663155145214912,,
311,0.02819417614582913,0.04271129720642549,13.707229839231735,0.9808666587657558,0.984749777909387
312,0.0281213234489542,0.0426834323059357,13.751304533248558,,
313,0.02802361455850111,0.04265297638687392,13.79537922726538,,
314,0.0279513106970236,0.04261455969288962,13.839453921282201,,
315,0.02788503352538045,0.04258892160738913,13.883528615299024,,
316,0.02781150019795007,0.04255575496774539,13.927603309315847,,
317,0.02773185758879642,0.04252121295636975,13.971678003332668,,
318,0.02767887972772768,0.04247933380631718,14.015752697349491,,
319,0.02760373140549351,0.04245183054661181,14.059827391366314,,
320,0.02751602950478153,0.04243594137070171,14.103902085383135,,
321,0.02744405886968267,0.04239750701767741,14.147976779399958,0.9806196206588439,0.9843055966834469
322,0.02737310401200563,0.04236033066248539,14.19205147341678,,
323,0.02731118283274033,0.0423205240530176,14.236126167433602,,
324,0.02721743156522481,0.04228233431666057,14.280200861450425,,
325,0.02714916874355029,0.0422345202344719,14.324275555467247,,
326,0.02706403363907318,0.0422393834565039,14.36835024948407,,
327,0.02697866462647051,0.04220226397949568,14.412424943500891,,
328,0.02690027556327357,0.04215819093925652,14.456499637517714,,
329,0.02682879473281433,0.04213865501210231,14.500574331534537,,
330,0.02674770173909991,0.04212849371975497,14.544649025551358,,
331,0.02665444863241479,0.0421075673784998,14.588723719568181,0.9807011175365214,0.9844536570920935
332,0.02658030467127384,0.04209181389847742,14.632798413585004,,
333,0.0264936712926117,0.04208618672776764,14.676873107601825,,
334,0.02640289563785014,0.04206105491167577,14.720947801618648,,
335,0.02632414049108948,0.04202189891230723,14.76502249563547,,
336,0.0262522959842398,0.04200281383323268,14.809097189652292,,
337,0.02617751902034283,0.04196717206129027,14.853171883669114,,
338,0.02610680378866363,0.04191509177868098,14.897246577685937,,
339,0.02603605316674227,0.04185777236159043,14.941321271702758,,
340,0.0259482991916466,0.04184640088974758,14.985395965719581,,
341,0.02587702897433837,0.04181031376557926,15.029470659736404,0.9807826395504822,0.9846017175007403
342,0.02578529459024997,0.04176115553700931,15.073545353753227,,
343,0.02570282714346996,0.04175075573875845,15.117620047770048,,
344,0.02564463069949586,0.04170585503652358,15.16169474178687,,
345,0.02555461897742203,0.04166875017853013,15.205769435803694,,
346,0.02549006281250741,0.04163612269761639,15.249844129820515,,
347,0.02541243404770162,0.04160865608892404,15.293918823837338,,
348,0.02534795568258021,0.04158176556060501,15.33799351785416,,
349,0.02528451440815809,0.04156012773375437,15.382068211870982,,
350,0.02521937615911562,0.04155736216921879,15.426142905887804,,
351,0.02515279244003506,0.04154735572903698,15.470217599904627,0.9807826395504822,0.9846017175007403
352,0.02509365571924769,0.04152668109514448,15.514292293921448,,
353,0.02502467924296838,0.04152344114240833,15.558366987938271,,
354,0.02494104676158796,0.04148463329876755,15.602441681955094,,
355,0.02488273679526835,0.04148139158996707,15.646516375971917,,
356,0.02481640229714915,0.04146607252191836,15.690591069988738,,
357,0.02474499367921298,0.04144221075071624,15.73466576400556,,
358,0.02468609000571691,0.04140712633253758,15.778740458022384,,
359,0.02463482593003935,0.04137437350585369,15.822815152039205,,
360,0.02457074114668737,0.04134816459861092,15.866889846056027,,
361,0.02448514328313333,0.04133354708397353,15.91096454007285,0.9805355763072872,0.9841575362748001
362,0.02443659360840736,0.04132386382867318,15.955039234089671,,
363,0.02437008649623487,0.04130559567421678,15.999113928106494,,
364,0.02432175490229998,0.04128811335664738,16.043188622123317,,
365,0.02423374645656931,0.04126105161045499,16.087263316140138,,
366,0.02418997008232853,0.04123212547399206,16.131338010156963,,
367,0.02412578910359157,0.04121754409033171,16.175412704173784,,
368,0.0240604249007243,0.04120620131050701,16.219487398190605,,
369,0.02398689658208957,0.04116410353061204,16.26356209220743,,
370,0.02392216464278038,0.04115634057587515,16.30763678622425,,
371,0.02386545751800894,0.0411560450348581,16.35171148024107,0.9806196206588439,0.9843055966834469
372,0.02377814278965685,0.04113912361660808,16.395786174257896,,
373,0.02371824646621314,0.04110696299653433,16.439860868274717,,
374,0.02364824894250788,0.04109936587974436,16.48393556229154,,
375,0.02358721217215008,0.04107130749635517,16.528010256308363,,
376,0.02353079533849982,0.04105037032918499,16.572084950325184,,
377,0.02348381335859216,0.04102569497745259,16.616159644342005,,
378,0.02342043560663758,0.04099438935107196,16.66023433835883,,
379,0.02335922797360513,0.04097115395058275,16.70430903237565,,
380,0.02330331365304925,0.04095034856340879,16.748383726392472,,
381,0.0232404103105068,0.04092632159597465,16.792458420409297,0.9805355763072872,0.9841575362748001
382,0.02317902436938696,0.0409127148795804,16.836533114426118,,
383,0.02311184923718122,0.0408937971745869,16.88060780844294,,
384,0.02306887346236295,0.04088280281553778,16.924682502459763,,
385,0.02302052876128043,0.04086153538034357,16.968757196476584,,
386,0.02297894504391507,0.04084091773387333,17.01283189049341,,
387,0.02292738551119407,0.04082478596043992,17.05690658451023,,
388,0.02288239640425833,0.04080549272176711,17.10098127852705,,
389,0.02283374949196697,0.04081098779626632,17.145055972543876,,
390,0.02277849965413209,0.04079647595896129,17.189130666560697,,
391,0.02271954900818463,0.04077053359584681,17.233205360577518,0.9807036378789604,0.9844536570920935
392,0.02266346204229643,0.04076046307110733,17.277280054594343,,
393,0.02261047473582228,0.04074548409978965,17.321354748611164,,
394,0.02254235951237737,0.04071889913817228,17.365429442627985,,
395,0.0224787963702318,0.04069722930225323,17.40950413664481,,
396,0.02242204584120833,0.04068881288915009,17.45357883066163,,
397,0.02236270545832116,0.04066064200401875,17.49765352467845,,
398,0.02230809568877495,0.04063774964917473,17.541728218695276,,
399,0.02225678678454635,0.04062020478860482,17.585802912712097,,
400,0.022205977537791,0.04057799107513689,17.62987760672892,,
401,0.02215989544134448,0.040591969198997,17.673952300745743,0.980538148887665,0.9841575362748001
402,0.02211698709760981,0.0405872700011651,17.718026994762564,,
403,0.02206099275008834,0.04055698995248674,17.762101688779385,,
404,0.02201580683920712,0.04053344725006346,17.80617638279621,,
405,0.02197226392333218,0.04053413696132589,17.85025107681303,,
406,0.02193196007445848,0.040541382153023,17.89432577082985,,
407,0.02187324449125288,0.04051711729729931,17.938400464846676,,
408,0.02180298052290474,0.04051700884990624,17.982475158863497,,
409,0.02175528582003447,0.04049774018819122,18.02654985288032,,
410,0.02170307968536167,0.04050382087120764,18.070624546897143,,
411,0.0216513614454874,0.04049058112426076,18.114699240913964,0.9806196206588439,0.9843055966834469
412,0.02160173406079192,0.0404798670173642,18.158773934930785,,
413,0.0215587126121228,0.04045695535191214,18.20284862894761,,
414,0.02151161016436412,0.04043399532805853,18.24692332296443,,
415,0.02146837072477539,0.0404226306321645,18.290998016981256,,
416,0.02143418781982478,0.04040511197744798,18.335072710998077,,
417,0.02137866620003535,0.04039013149970435,18.379147405014898,,
418,0.02135585163006114,0.04037577045708411,18.423222099031722,,
419,0.0213179463251087,0.0403867942037368,18.467296793048543,,
420,0.02126443261111193,0.04038595539403895,18.511371487065365,,
421,0.02121433678086012,0.04035926890852125,18.55544618108219,0.9806196206588439,0.9843055966834469
422,0.02116737225812351,0.0403399241540497,18.59952087509901,,
423,0.02111448528811481,0.04032872110071154,18.64359556911583,,
424,0.02107684074123726,0.04030120934245068,18.687670263132656,,
425,0.02102767761740631,0.04026662119744834,18.731744957149477,,
426,0.0209739323231608,0.0402576860346526,18.775819651166298,,
427,0.02093852366528066,0.04025196666152397,18.819894345183123,,
428,0.02088386891449209,0.04024059060094667,18.863969039199944,,
429,0.02085607650111143,0.04022467302206914,18.908043733216765,,
430,0.02079093494348444,0.04022339224309238,18.95211842723359,,
431,0.02074439313265844,0.04020433958890927,18.99619312125041,0.9803806828957532,0.9841575362748001
432,0.02069250678371384,0.04017722824373761,19.04026781526723,,
433,0.02065283739940275,0.04015826463394703,19.084342509284056,,
434,0.0206023165751276,0.04012068412066825,19.128417203300877,,
435,0.0205704690204218,0.04010494436716706,19.1724918973177,,
436,0.02052760737433074,0.0400964806852494,19.216566591334523,,
437,0.02048143739594104,0.04008848129786854,19.260641285351344,,
438,0.02042892305794548,0.04007909898577477,19.304715979368165,,
439,0.02037814884882298,0.04004171660663317,19.34879067338499,,
440,0.02033478745459409,0.04004891020379252,19.39286536740181,,
441,0.02029551453413564,0.04002492189396826,19.436940061418635,0.9807011175365214,0.9844536570920935
442,0.02025809175775053,0.04000521209043462,19.481014755435456,,
443,0.02021004667099615,0.0399944973454719,19.525089449452278,,
444,0.02016301419213429,0.03997831997462099,19.569164143469102,,
445,0.02012281903429011,0.03995910734591308,19.613238837485923,,
446,0.0200843466794714,0.03994307445432779,19.657313531502744,,
447,0.02003249497719013,0.03993426741724533,19.70138822551957,,
448,0.01999133795598275,0.0399173243618244,19.74546291953639,,
449,0.01995049094258387,0.0399289668991369,19.78953761355321,,
450,0.01989844948297606,0.03990995085271612,19.833612307570036,,
451,0.01986854982400894,0.03989899168524239,19.877687001586857,0.9807011175365214,0.9844536570920935
452,0.01982480470883508,0.03988962529426462,19.921761695603678,,
453,0.01978540595871077,0.03988142282036723,19.965836389620502,,
454,0.01975329965904242,0.03986484247363883,20.009911083637324,,
455,0.01971285613079685,0.03984137426617976,20.053985777654145,,
456,0.01966585119059335,0.03983576575416127,20.09806047167097,,
457,0.01962146165179212,0.03984262090854139,20.14213516568779,,
458,0.01957112670279644,0.03983859267329588,20.18620985970461,,
459,0.01952385700736857,0.03981735108925346,20.230284553721436,,
460,0.0194730788880378,0.03981904129971429,20.274359247738257,,
461,0.01942024760943511,0.03981162328472732,20.318433941755078,0.9807011175365214,0.9844536570920935
462,0.01936602410264675,0.03980395564541949,20.362508635771903,,
463,0.01932767500866362,0.03980682834190181,20.406583329788724,,
464,0.01926790329699343,0.0397852012024997,20.450658023805545,,
465,0.01923341912183823,0.0397776032101957,20.49473271782237,,
466,0.019184300248376,0.03976848712285296,20.53880741183919,,
467,0.01913584854769224,0.0397606019876665,20.582882105856015,,
468,0.01910468602244143,0.03974815026945895,20.626956799872836,,
469,0.01905607076376944,0.03974521637132165,20.671031493889657,,
470,0.01901531969118677,0.03972903074409857,20.715106187906482,,
471,0.01896402084150964,0.03971134467549654,20.759180881923303,0.9806985931818966,0.9844536570920935
472,0.01892443630357594,0.03968506475358724,20.803255575940124,,
473,0.01888108029994159,0.03968140814514206,20.84733026995695,,
474,0.01883087934855704,0.03966920783930929,20.89140496397377,,
475,0.01879218262264085,0.03966396841084526,20.93547965799059,,
476,0.01875234021631875,0.039655782751708,20.979554352007415,,
477,0.01872651225236277,0.03964827217853301,21.023629046024237,,
478,0.01868329743590409,0.03964618903588903,21.067703740041058,,
479,0.01864283655747695,0.03963874405040979,21.111778434057882,,
480,0.01860259081566839,0.03963541491180418,21.155853128074703,,
481,0.01856508984164597,0.03962590177366076,21.199927822091524,0.9807826395504822,0.9846017175007403
482,0.01853214257172326,0.03961851506083831,21.24400251610835,,
483,0.01848769118208345,0.03960319869237913,21.28807721012517,,
484,0.01845095352966517,0.03959602224859338,21.33215190414199,,
485,0.01840509308604128,0.0395700819600541,21.376226598158816,,
486,0.01837634782665375,0.0395894641974613,21.420301292175637,,
487,0.01833880348252363,0.03959256533498502,21.464375986192458,,
488,0.0182866504479871,0.03957098989923202,21.508450680209283,,
489,0.01822852380592045,0.03953822623145559,21.552525374226104,,
490,0.01817669311204642,0.0395380028449621,21.596600068242925,,
491,0.01813982114259633,0.03953369082805291,21.64067476225975,0.9807801393676024,0.9846017175007403
492,0.01811081100355479,0.0395322541643737,21.68474945627657,,
493,0.01806379488160563,0.03954114183222147,21.728824150293395,,
494,0.01803626744910948,0.03954477939823485,21.772898844310216,,
495,0.0179895984756941,0.03952318178460545,21.816973538327037,,
496,0.0179423503157649,0.03950717244225056,21.86104823234386,,
497,0.01790130269137514,0.03950845538602346,21.905122926360683,,
498,0.01785015615261692,0.03949649306724566,21.949197620377504,,
499,0.01781743460239715,0.03948938553368739,21.99327231439433,,
500,0.01777632783709923,0.03949666299233653,22.03734700841115,,
501,0.01773886733077955,0.0394972155141747,22.08142170242797,0.9807801393676024,0.9846017175007403
502,0.01769088166335606,0.03949691926553228,22.125496396444795,,
503,0.01766045421467862,0.03948686100072536,22.169571090461616,,
504,0.01763300134647357,0.03948218900943718,22.213645784478437,,
505,0.01760969234428527,0.03949016048864212,22.257720478495262,,
506,0.01757562621261917,0.03949554483601616,22.301795172512083,,
507,0.01753037440355999,0.03946911251776394,22.345869866528904,,
508,0.01749882332458633,0.03945928153702044,22.38994456054573,,
509,0.01746092900207252,0.03946350027294218,22.43401925456255,,
510,0.01742041026680411,0.03944869411316096,22.47809394857937,,
511,0.01737141520412116,0.03946376660172572,22.522168642596196,0.9807826395504822,0.9846017175007403
512,0.01732844931842008,0.03944831318057297,22.566243336613017,,
513,0.01729542301422079,0.0394611271576074,22.610318030629838,,
514,0.0172746001416826,0.03944688334820704,22.654392724646662,,
515,0.0172446186063113,0.03944568254812975,22.698467418663483,,
516,0.01720671987651458,0.03945540029253407,22.742542112680304,,
517,0.0171765100191746,0.03944390469853604,22.78661680669713,,
518,0.01714340469767149,0.03942370222989929,22.83069150071395,,
519,0.01711405050810986,0.03940974983432435,22.874766194730775,,
520,0.0170764303905305,0.03940658781082245,22.918840888747596,,
521,0.01702631079446862,0.03940144004195167,22.962915582764417,0.9808641867305408,0.984749777909387
522,0.0169840817158835,0.03937528791617277,23.00699027678124,,
523,0.01695558103678802,0.03937177744269989,23.051064970798063,,
524,0.01693063875988002,0.03936701667108505,23.095139664814884,,
525,0.01690727850566512,0.03936178008024894,23.13921435883171,,
526,0.0168871372124712,0.0393528279807898,23.18328905284853,,
527,0.01683539472696496,0.0393356540517903,23.22736374686535,,
528,0.01680371121492818,0.03935490628242617,23.271438440882175,,
529,0.0167773523999996,0.03937072525143814,23.315513134898996,,
530,0.0167428274659088,0.03936231702434197,23.359587828915817,,
531,0.01670876188195154,0.03933821937352038,23.403662522932642,0.9808641867305408,0.984749777909387
532,0.01666216907532397,0.03933079364586806,23.447737216949463,,
533,0.01662410185750277,0.03932318989798911,23.491811910966284,,
534,0.01658523412755166,0.03931773913242448,23.53588660498311,,
535,0.01656274415488332,0.0393081381653758,23.57996129899993,,
536,0.01653904773222276,0.03930348762941856,23.62403599301675,,
537,0.01649804103012709,0.03929177750222331,23.668110687033575,,
538,0.0164561393340766,0.03929937389155191,23.712185381050396,,
539,0.01641617320641941,0.03929162569783728,23.756260075067217,,
540,0.01638057496350151,0.03927477803549988,23.800334769084042,,
541,0.01635268366953611,0.0392511416467233,23.844409463100863,0.9808641867305408,0.984749777909387
542,0.01630712970465514,0.03925573764413011,23.888484157117684,,
543,0.0162779748895251,0.0392585863190999,23.93255885113451,,
544,0.01625733190892549,0.03926321509468014,23.97663354515133,,
545,0.01622649377252629,0.03924490736757723,24.02070823916815,,
546,0.01619340650615644,0.03923125301458976,24.064782933184976,,
547,0.01615418018404497,0.03923209739445587,24.108857627201797,,
548,0.01610872297344981,0.03920977486465877,24.15293232121862,,
549,0.01607493308263066,0.03918164230372171,24.197007015235442,,
550,0.0160309830313992,0.03917778362154886,24.241081709252263,,
551,0.01600586208058956,0.03915888759550067,24.285156403269088,0.9808641867305408,0.984749777909387
552,0.01597678462005288,0.03916211814268308,24.32923109728591,,
553,0.01593843100320482,0.03915970378801073,24.37330579130273,,
554,0.01590289374577872,0.03915041023705589,24.417380485319555,,
555,0.01586494370019429,0.03913392117917601,24.461455179336376,,
556,0.01581691287330506,0.03914395810642415,24.505529873353197,,
557,0.01577062971545442,0.03913290953590483,24.54960456737002,,
558,0.01574302988447026,0.03911224638926234,24.593679261386843,,
559,0.01570749764382495,0.03911919181877308,24.637753955403664,,
560,0.01568848773884694,0.03912327131864193,24.68182864942049,,
561,0.01565210325010816,0.03910360821387149,24.72590334343731,0.9808641867305408,0.984749777909387
562,0.01561542683745699,0.03909079609929018,24.76997803745413,,
563,0.01558195745374599,0.03907550551275051,24.814052731470955,,
564,0.01555024710749996,0.03904872164202287,24.858127425487776,,
565,0.01552505339718415,0.03904305567736128,24.902202119504597,,
566,0.01549611801419013,0.0390264163902948,24.946276813521422,,
567,0.01548251415506408,0.03902958660656847,24.990351507538243,,
568,0.01545596020524186,0.03901920453457269,25.034426201555064,,
569,0.01543079528546493,0.03900919133618002,25.07850089557189,,
570,0.01539098712526728,0.03901877700720782,25.12257558958871,,
571,0.01536394180671314,0.03902212961573843,25.16665028360553,0.9808666587657558,0.984749777909387
572,0.0153306077439552,0.03901428296743605,25.210724977622355,,
573,0.0152941951672417,0.038999280199951,25.254799671639176,,
574,0.01526488840253671,0.03900876293454069,25.298874365656,,
575,0.01523328242988555,0.03900709958565629,25.342949059672822,,
576,0.01519740074420029,0.03899362280680822,25.387023753689643,,
577,0.01515315566741369,0.03899035245477361,25.431098447706468,,
578,0.01512185898467742,0.03899425778933471,25.47517314172329,,
579,0.01509319836193572,0.03899413664991749,25.51924783574011,,
580,0.01505195942746255,0.03900465421732732,25.563322529756935,,
581,0.01501370556396579,0.03901104244443555,25.607397223773756,0.9809482069292299,0.9848978383180338
582,0.01498852356826621,0.03899899891262407,25.651471917790577,,
583,0.0149615050064728,0.03898813638657932,25.6955466118074,,
584,0.014937271467996,0.03898623296925338,25.739621305824222,,
585,0.01489166165642976,0.03899282501886769,25.783695999841044,,
586,0.01486189499084402,0.03899994575786296,25.827770693857868,,
587,0.01483888765719462,0.03898329776756779,25.87184538787469,,
588,0.01480398284315074,0.03897163009842129,25.91592008189151,,
589,0.01476924226469524,0.03897352049919305,25.959994775908335,,
590,0.01472625410977403,0.03897065374603615,26.004069469925156,,
591,0.01469415619297799,0.03897690179098767,26.048144163941977,0.9809482069292299,0.9848978383180338
592,0.01465398601433736,0.0389739735816009,26.0922188579588,,
593,0.01462844305838836,0.0389658742817418,26.136293551975623,,
594,0.01459471328774803,0.0389690637377858,26.180368245992444,,
595,0.01455700505504977,0.03895256488902201,26.22444294000927,,
596,0.01453155828831884,0.03895010157253324,26.26851763402609,,
597,0.01449851295224175,0.03894402750637733,26.31259232804291,,
598,0.0144675862017155,0.03892788386239641,26.356667022059735,,
599,0.01444153129625467,0.03893191584494566,26.400741716076556,,
600,0.01441867625653132,0.03891944036176302,26.44481641009338,,
601,0.01438813152389433,0.03891753795978113,26.488891104110202,0.9809482069292299,0.9848978383180338
602,0.01434845647987726,0.03890322559593876,26.532965798127023,,
603,0.01431691172732759,0.03891030258862063,26.577040492143848,,
604,0.01429049691145954,0.03889355998951789,26.62111518616067,,
605,0.01426565285325697,0.0388922647504675,26.66518988017749,,
606,0.01422717829225017,0.03890581106939978,26.709264574194314,,
607,0.0141975595130916,0.0388910118467968,26.753339268211136,,
608,0.01417279009878888,0.03890521278138181,26.797413962227957,,
609,0.01414557082162373,0.03889247793025366,26.84148865624478,,
610,0.01411266531898272,0.03888880174604886,26.885563350261602,,
611,0.01409396418930048,0.03888865718888134,26.929638044278423,0.9809482069292299,0.9848978383180338
612,0.01406698358825641,0.03890007154949706,26.973712738295248,,
613,0.01403459489734499,0.03890243208291499,27.01778743231207,,
614,0.01400139324614358,0.03889526842537457,27.06186212632889,,
615,0.01397215852393774,0.03890776524751794,27.105936820345715,,
616,0.01394904808395168,0.03890527176525874,27.150011514362536,,
617,0.01392469445464797,0.03890251080380607,27.194086208379357,,
618,0.01391196980162504,0.03890428257416947,27.23816090239618,,
619,0.0138886249293978,0.03890682737209103,27.282235596413003,,
620,0.01387184416447495,0.03889217376788715,27.326310290429824,,
621,0.01384962653081156,0.03888445049906954,27.37038498444665,0.9809482069292299,0.9848978383180338
622,0.01382062990452593,0.03888183871815856,27.41445967846347,,
623,0.01379715184969521,0.03888989094058936,27.45853437248029,,
624,0.0137630991254256,0.03887237772937058,27.502609066497115,,
625,0.01372231137403535,0.03885845193021897,27.546683760513936,,
626,0.01368484365287967,0.03886203219661766,27.59075845453076,,
627,0.01365339094563473,0.03887312304424006,27.63483314854758,,
628,0.01362184473881068,0.03887533834722726,27.678907842564403,,
629,0.01358487490770665,0.03885703532202787,27.722982536581227,,
630,0.0135500542510402,0.03887944176547275,27.76705723059805,,
631,0.01352538732922007,0.0388926412970488,27.81113192461487,0.9809506508590214,0.9848978383180338
632,0.01349571595485927,0.03889104812889848,27.855206618631694,,
633,0.01347027845541832,0.03888195592215058,27.899281312648515,,
634,0.01344449291692298,0.03888865541303894,27.943356006665336,,
635,0.01342782998985384,0.03888459123689196,27.98743070068216,,
636,0.01340891230726156,0.03890061608528087,28.031505394698982,,
637,0.01337330497057464,0.03889174656383931,28.075580088715803,,
638,0.01334428203097644,0.03888745997983864,28.119654782732628,,
639,0.01332347689690875,0.03888358855407367,28.16372947674945,,
640,0.01328768479217242,0.03888758924645594,28.20780417076627,,
641,0.01324959094611002,0.03889235018660901,28.251878864783095,0.98103219999499,0.9850458987266805
642,0.01322132477912823,0.03887220694911028,28.295953558799916,,
643,0.0131857151274458,0.03887263984775014,28.340028252816737,,
644,0.0131477577438143,0.03886468499999051,28.38410294683356,,
645,0.01312128498591222,0.03887670839611111,28.428177640850382,,
646,0.01310113027578272,0.038871521369729,28.472252334867203,,
647,0.01306889274618229,0.03885600998876496,28.516327028884028,,
648,0.01303386513909318,0.03884531069162463,28.56040172290085,,
649,0.01301087866486675,0.03885233431321124,28.60447641691767,,
650,0.01298766645526585,0.03884471998051216,28.648551110934495,,
651,0.01295573302122566,0.03883469575908882,28.692625804951316,0.9808691268702558,0.984749777909387
652,0.01292741664182468,0.03883280775289388,28.73670049896814,,
653,0.0128979133202665,0.03883039929209286,28.78077519298496,,
654,0.01287638927227353,0.03884271103871575,28.824849887001783,,
655,0.01285254101993093,0.03884670048005296,28.868924581018607,,
656,0.0128255334267308,0.03884054943870174,28.91299927503543,,
657,0.01280317267617142,0.03886231526755642,28.95707396905225,,
658,0.01277671286577159,0.0388593760886814,29.001148663069074,,
659,0.01275260887464253,0.03885122474463158,29.045223357085895,,
660,0.01272355419366672,0.03884204299277411,29.089298051102716,,
661,0.01270374476239302,0.03883951069835773,29.13337274511954,0.9808691268702558,0.984749777909387
662,0.01268168447039253,0.03885157338428653,29.177447439136362,,
663,0.01266464325728928,0.03885102047876576,29.221522133153183,,
664,0.01263843148703295,0.03884815809895905,29.265596827170008,,
665,0.0126061389963615,0.03883923121096237,29.30967152118683,,
666,0.01259248701939066,0.03882900187815339,29.35374621520365,,
667,0.01257059259345922,0.03883236380368978,29.397820909220474,,
668,0.01254824164981014,0.03882981454722523,29.441895603237295,,
669,0.01252448762281003,0.03883540557000924,29.485970297254116,,
670,0.01249817959127345,0.03883112388588017,29.53004499127094,,
671,0.01246915137803583,0.03883336499976837,29.574119685287762,0.9808691268702558,0.984749777909387
672,0.0124561184549168,0.03881519140905861,29.618194379304583,,
673,0.01243068327616964,0.03881591655479859,29.662269073321408,,
674,0.0124149196294928,0.03881804694999539,29.70634376733823,,
675,0.0123905332248472,0.03881168707560588,29.75041846135505,,
676,0.01236261677745698,0.03881138018354931,29.794493155371875,,
677,0.01233865697247333,0.03881601476617372,29.838567849388696,,
678,0.01231599555155779,0.03881385310477796,29.882642543405517,,
679,0.01228856779950794,0.03881298633686474,29.92671723742234,,
680,0.01226093591283439,0.03881448733836283,29.970791931439162,,
681,0.01223929006958299,0.03881879003168997,30.014866625455987,0.9810346158615513,0.9850458987266805
682,0.01221782282095419,0.03881932547357321,30.058941319472808,,
683,0.01219273935036672,0.03880905990044854,30.10301601348963,,
684,0.01217595907695275,0.03881922474283878,30.147090707506454,,
685,0.0121589572155174,0.03882075110228654,30.191165401523275,,
686,0.01213516768543523,0.0388238123176096,30.235240095540096,,
687,0.01211612773440883,0.03881201684199653,30.27931478955692,,
688,0.01209487395849833,0.03882475752155057,30.32338948357374,,
689,0.01207271159591006,0.03882079651646307,30.367464177590563,,
690,0.01204487693008875,0.03880908663580242,30.411538871607387,,
691,0.01201473506912776,0.03882197677562615,30.45561356562421,0.98111616595911,0.9851939591353273
692,0.01199276081337672,0.0388312433721895,30.49968825964103,,
693,0.01197476484506698,0.03883820276155751,30.543762953657854,,
694,0.01195045066102235,0.03883083193891532,30.587837647674675,,
695,0.01192334144131967,0.03883023194783732,30.631912341691496,,
696,0.01190470357998893,0.03883310635628707,30.67598703570832,,
697,0.01188831189371621,0.03883302082218279,30.720061729725142,,
698,0.01186356724131642,0.03883348324641895,30.764136423741963,,
699,0.01184777948360082,0.03882549251293297,30.808211117758788,,
700,0.01182690945248297,0.03882970761877298,30.85228581177561,,
701,0.01180661828389304,0.03881818206217304,30.89636050579243,0.9809530909017472,0.9848978383180338
702,0.01178623364760923,0.03880625800708006,30.940435199809254,,
703,0.01175557810977003,0.03880321115059636,30.984509893826075,,
704,0.01172907254440775,0.03879796472850044,31.028584587842897,,
705,0.01169329924026334,0.03880514545195252,31.07265928185972,,
706,0.01166731089548186,0.03880380105315333,31.116733975876542,,
707,0.01164584582695517,0.03880577083546294,31.160808669893367,,
708,0.01161555820383769,0.03879929262479961,31.204883363910188,,
709,0.01159091497636847,0.03878967657429554,31.24895805792701,,
710,0.01157335367426848,0.03879926754078226,31.293032751943834,,
711,0.0115474529797103,0.03879810571697113,31.337107445960655,0.9809530909017472,0.9848978383180338
712,0.01152766209280129,0.03879329398088466,31.381182139977476,,
713,0.01150615559515436,0.03880404415354072,31.4252568339943,,
714,0.01148952659331305,0.03880239304316083,31.46933152801112,,
715,0.0114653176228645,0.03880093247359281,31.513406222027943,,
716,0.01144339592522208,0.03880258005357579,31.557480916044767,,
717,0.01141166261316864,0.03880149630106889,31.601555610061588,,
718,0.01139528153068433,0.03880244455253479,31.64563030407841,,
719,0.011376847771025,0.03879123827051747,31.689704998095234,,
720,0.01135219223282171,0.03878372234841043,31.733779692112055,,
721,0.01133993172125792,0.0387806585082903,31.777854386128876,0.9809530909017472,0.9848978383180338
722,0.01131086767922384,0.03878327830546654,31.8219290801457,,
723,0.01128291276421546,0.03877815701113366,31.86600377416252,,
724,0.01125685008613033,0.03877462673897181,31.910078468179343,,
725,0.01123411592883406,0.03878591793188725,31.954153162196167,,
726,0.01120734327724119,0.03877181396754176,31.99822785621299,,
727,0.01119024272182106,0.03877311927732148,32.04230255022981,,
728,0.0111711896989583,0.03876312577959218,32.086377244246634,,
729,0.01115617419648138,0.03877340381609345,32.130451938263455,,
730,0.01113424110792068,0.03875229313676806,32.174526632280276,,
731,0.01111059700711928,0.03875772927307352,32.2186013262971,0.9807141595202241,0.984749777909387
732,0.01108316247775006,0.03876949916624699,32.262676020313926,,
733,0.01106247440873494,0.03876362541029364,32.30675071433075,,
734,0.01103654055176015,0.03875756725050993,32.35082540834757,,
735,0.01100648934505127,0.03876245544081137,32.39490010236439,,
736,0.01098543605061056,0.03875129800310723,32.43897479638121,,
737,0.01096809144550636,0.03874441136962133,32.48304949039803,,
738,0.01094051121846859,0.03872742594274176,32.52712418441486,,
739,0.01091692558745185,0.03872791389130749,32.57119887843168,,
740,0.01089725199384664,0.03872391061153965,32.6152735724485,,
741,0.01087699349127448,0.03872342780001578,32.65934826646532,0.9807141595202241,0.984749777909387
742,0.01085698786209285,0.03871724844333201,32.70342296048214,,
743,0.01083193621866727,0.03872695628833243,32.747497654498964,,
744,0.01081104454915063,0.03872246474983645,32.79157234851579,,
745,0.01078390945975656,0.03871402609067719,32.835647042532614,,
746,0.01076151920870931,0.03871368530479292,32.879721736549435,,
747,0.01075376724682724,0.03871327324151002,32.923796430566256,,
748,0.01072556968116457,0.03870851022563347,32.96787112458308,0.9807956911209192,0.9848978383180338
