barcode,predicted_label,prediction_score
AAACATACAACCAC-1,T cells,0.9999993
AAACATTGAGCTAC-1,B cells,1.0
AAACATTGATCAGC-1,T cells,1.0
AAACCGTGCTTCCG-1,Mono,1.0
AAACCGTGTATGCG-1,NK,0.99987626
AAACGCACTGGTAC-1,T cells,0.9997873
AAACGCTGACCAGT-1,T cells,0.9999944
AAACGCTGGTTCTT-1,T cells,1.0
AAACGCTGTAGCCA-1,T cells,0.9945747
AAACGCTGTTTCTG-1,Mono,0.99998665
AAACTTGAAAAACG-1,B cells,1.0
AAACTTGATCCAGA-1,T cells,0.9999999
AAAGAGACGAGATA-1,T cells,0.99999964
AAAGAGACGCGAGA-1,Mono,1.0
AAAGAGACGGACTT-1,NK,0.9852941
AAAGAGACGGCATT-1,T cells,0.99973327
AAAGATCTGGGCAA-1,Mono,0.9999989
AAAGCAGAAGCCAT-1,T cells,0.9999349
AAAGCAGATATCGG-1,Mono,1.0
AAAGCCTGTATGCG-1,T cells,1.0
AAAGGCCTGTCTAG-1,B cells,0.9994117
AAAGTTTGATCACG-1,B cells,0.9998229
AAAGTTTGGGGTGA-1,B cells,0.99999976
AAAGTTTGTAGAGA-1,T cells,0.98384976
AAAGTTTGTAGCGT-1,Mono,1.0
AAATCAACAATGCC-1,B cells,0.9999968
AAATCAACACCAGT-1,T cells,0.99998915
AAATCAACCAGGAG-1,T cells,1.0
AAATCAACCCTATT-1,Mono,1.0
AAATCAACGGAAGC-1,T cells,0.9999957
AAATCAACTCGCAA-1,T cells,1.0
AAATCATGACCACA-1,Mono,1.0
AAATCCCTCCACAA-1,T cells,0.9999486
AAATCCCTGCTATG-1,B cells,0.9996704
AAATGTTGAACGAA-1,Mono,1.0
AAATGTTGCCACAA-1,T cells,0.9999778
AAATGTTGTGGCAT-1,Mono,1.0
AAATTCGAAGGTTC-1,T cells,0.9999193
AAATTCGAATCACG-1,Mono,1.0
AAATTCGAGCTGAT-1,Mono,1.0
AAATTCGAGGAGTG-1,T cells,0.9999999
AAATTCGATTCTCA-1,NK,0.99999714
AAATTGACACGACT-1,T cells,0.9999999
AAATTGACTCGCTC-1,T cells,1.0
AACAAACTCATTTC-1,T cells,0.99999833
AACAAACTTTCGTT-1,T cells,0.99971515
AACAATACGACGAG-1,T cells,0.9999993
AACACGTGCAGAGG-1,T cells,0.99998224
AACACGTGGAAAGT-1,T cells,0.99999964
AACACGTGGAACCT-1,Mono,1.0
AACACGTGGCTACA-1,T cells,0.9999999
AACACGTGTACGAC-1,Mono,1.0
AACAGCACAAGAGT-1,Mono,0.9998671
AACATTGATGGGAG-1,Mono,1.0
AACCAGTGATACCG-1,Mono,1.0
AACCCAGATCGCTC-1,T cells,0.9999999
AACCGATGCTCCCA-1,T cells,0.99999654
AACCGATGGTCATG-1,B cells,1.0
AACCGATGTTCTAC-1,Mono,1.0
AACCGCCTAGCGTT-1,T cells,1.0
AACCGCCTCTACGA-1,Mono,1.0
AACCTACTGTGAGG-1,Mono,1.0
AACCTACTGTGTTG-1,T cells,0.99994206
AACCTTACGAGACG-1,T cells,0.99999845
AACCTTACGCGAGA-1,NK,0.9999691
AACCTTACTAACGC-1,Mono,1.0
AACCTTTGGACGGA-1,T cells,0.9999999
AACCTTTGTACGCA-1,Mono,1.0
AACGCAACAAGTAG-1,T cells,0.99992716
AACGCATGACCCAA-1,T cells,1.0
AACGCATGCCTTCG-1,T cells,0.99999845
AACGCATGTACTTC-1,T cells,0.9999994
AACGCCCTCGGGAA-1,T cells,0.99999774
AACGCCCTCGTACA-1,NK,0.99999905
AACGCCCTGCTTAG-1,B cells,0.99690056
AACGCCCTGGCATT-1,T cells,0.87666196
AACGTCGAGTATCG-1,NK,0.9999999
AACGTGTGAAAGCA-1,T cells,0.99986947
AACGTGTGGCGGAA-1,B cells,0.99997866
AACGTGTGTCCAAG-1,T cells,0.99995077
AACGTGTGTGCTTT-1,T cells,0.9999993
AACTACCTTAGAGA-1,T cells,1.0
AACTCACTCAAGCT-1,Mono,1.0
AACTCACTTGGAGG-1,Mono,1.0
AACTCGGAAAGTGA-1,T cells,0.993885
AACTCGGAAGGTCT-1,Mono,0.9999987
AACTCTTGCAGGAG-1,T cells,0.99999917
AACTGTCTCCCTTG-1,Mono,1.0
AACTTGCTACGCTA-1,B cells,0.9999653
AACTTGCTGGGACA-1,T cells,0.9999969
AAGAACGAGTGTTG-1,T cells,0.9990165
AAGAAGACGTAGGG-1,B cells,0.9999968
AAGACAGAAGTCTG-1,B cells,0.9999777
AAGACAGAGGATCT-1,T cells,0.9988537
AAGACAGATTACCT-1,Mono,1.0
AAGAGATGGGTAGG-1,B cells,0.9999238
AAGATGGAAAACAG-1,B cells,0.9990896
AAGATGGAGAACTC-1,Mono,1.0
AAGATGGAGATAAG-1,Mono,1.0
AAGATTACAACCTG-1,T cells,0.9999987
AAGATTACAGATCC-1,Mono,1.0
AAGATTACCCGTTC-1,Mono,1.0
AAGATTACCGCCTT-1,Mono,0.9999999
AAGATTACCTCAAG-1,NK,0.99999976
AAGATTACTCCTCG-1,Mono,0.99955565
AAGCAAGAGCGAGA-1,T cells,0.99999976
AAGCAAGAGCTTAG-1,T cells,0.9999993
AAGCAAGAGGTGTT-1,NK,0.99995387
AAGCACTGAGCAAA-1,B cells,0.9999664
AAGCACTGCATACG-1,T cells,0.9993899
AAGCACTGGTTCTT-1,B cells,1.0
AAGCCAACGTGTTG-1,T cells,0.99999976
AAGCCATGAACTGC-1,Mono,0.999997
AAGCCATGACACGT-1,Mono,0.99999964
AAGCCATGCGTGAT-1,T cells,0.9999988
AAGCCATGTCTCGC-1,NK,0.5519937
AAGCCTGACATGCA-1,T cells,0.9999856
AAGCCTGACCGAAT-1,Mono,0.99998903
AAGCGACTCCTCAC-1,Mono,0.9999999
AAGCGACTGTGTCA-1,T cells,0.99999976
AAGCGACTTACAGC-1,B cells,0.9999981
AAGCGACTTTGACG-1,Mono,1.0
AAGCGTACGTCTTT-1,T cells,0.9999937
AAGGCTTGCGAACT-1,T cells,0.9999999
AAGGTCACGGTTAC-1,Mono,1.0
AAGGTCACTGTTTC-1,B cells,0.9999838
AAGGTCACTTCCCG-1,T cells,0.99998975
AAGGTCTGACAGTC-1,T cells,1.0
AAGGTCTGCAGATC-1,T cells,0.9999747
AAGGTCTGGTATGC-1,Mono,0.9999548
AAGTAACTCTGAAC-1,Mono,1.0
AAGTAACTGAGATA-1,B cells,0.99807125
AAGTAGGATACAGC-1,NK,0.99999976
AAGTATACCGAACT-1,T cells,0.99999976
AAGTCCGACTTGTT-1,T cells,0.99999774
AAGTCCGATAGAAG-1,T cells,0.9999988
AAGTCTCTAGTCGT-1,T cells,0.99999976
AAGTCTCTCGGAGA-1,T cells,0.99980825
AAGTGGCTTGGAGG-1,B cells,0.9999827
AAGTTCCTCATTCT-1,Mono,1.0
AAGTTCCTTCTTAC-1,T cells,0.9987049
AATAAGCTCGAATC-1,T cells,0.9999906
AATAAGCTCGTTGA-1,T cells,0.99999726
AATACCCTGGACGA-1,B cells,0.99997795
AATACCCTGGCATT-1,T cells,1.0
AATACTGAAAGGGC-1,NK,0.7252133
AATACTGAATTGGC-1,NK,0.9922488
AATAGGGAACCCTC-1,B cells,0.99997485
AATAGGGAGAATGA-1,T cells,0.9999999
AATCAAACTATCGG-1,T cells,0.99992085
AATCCGGAATGCTG-1,B cells,1.0
AATCCTACCGGTAT-1,T cells,0.9999993
AATCCTTGACGGGA-1,Mono,1.0
AATCCTTGGTGAGG-1,NK,0.9999919
AATCGGTGGAACTC-1,T cells,0.9999999
AATCGGTGTGCTTT-1,T cells,0.9999621
AATCTAGAAAAGTG-1,T cells,0.99999714
AATCTAGAATCGGT-1,T cells,0.9999943
AATCTCACAGCCTA-1,Mono,1.0
AATCTCACTCTAGG-1,T cells,0.9999999
AATCTCTGAACAGA-1,T cells,1.0
AATCTCTGCTTTAC-1,NK,0.9998222
AATGATACACCAAC-1,T cells,0.9997873
AATGATACGGTCAT-1,Mono,1.0
AATGCGTGACACCA-1,B cells,0.99999976
AATGCGTGGACGGA-1,Mono,1.0
AATGCGTGGCTATG-1,B cells,1.0
AATGGAGAATCGTG-1,Mono,1.0
AATGGAGATCCTTA-1,T cells,0.99998736
AATGGCTGACACCA-1,B cells,0.99999976
AATGGCTGCGTGAT-1,T cells,0.9999989
AATGGCTGTAAAGG-1,NK,0.62380683
AATGGCTGTACTCT-1,T cells,0.9996202
AATGGCTGTGAAGA-1,T cells,0.9999995
AATGTAACGGTGGA-1,T cells,0.9999999
AATGTAACGTTTGG-1,T cells,0.9999225
AATGTCCTCTTCTA-1,T cells,0.9999999
AATGTTGACAGTCA-1,T cells,0.9999515
AATGTTGAGTTGAC-1,Mono,1.0
AATGTTGATCTACT-1,T cells,0.9999995
AATTACGAATTCCT-1,Mono,1.0
AATTACGACTTCTA-1,T cells,0.99895585
AATTACGAGTAGCT-1,T cells,0.99999964
AATTACGAGTGAGG-1,T cells,1.0
AATTACGATTGGCA-1,B cells,0.99999857
AATTCCTGCTCAGA-1,B cells,0.99999964
AATTGATGTCGCAA-1,Mono,1.0
AATTGTGACTTGGA-1,B cells,0.9999447
ACAAAGGAGGGTGA-1,T cells,0.9832339
ACAAATTGATTCTC-1,Mono,1.0
ACAAATTGCTCAGA-1,Mono,0.9999944
ACAAATTGTTGCGA-1,NK,0.99999917
ACAACCGAGGGATG-1,NK,0.99980956
ACAACCGAGTTACG-1,T cells,0.9999987
ACAAGAGAAGTCGT-1,Mono,1.0
ACAAGAGACTTATC-1,T cells,0.999874
ACAAGAGAGTTGAC-1,B cells,0.9999782
ACAATCCTAACCGT-1,T cells,0.999997
ACAATCCTTAGCGT-1,B cells,0.99999917
ACAATTGACTGACA-1,T cells,0.999995
ACAATTGATGACTG-1,NK,0.9990102
ACACAGACACCTGA-1,Mono,0.9997464
ACACAGACCATACG-1,T cells,0.9786314
ACACCAGAGGGCAA-1,T cells,0.9994765
ACACCCTGGTGTTG-1,NK,0.9999895
ACACGAACAGTTCG-1,T cells,0.9999988
ACACGATGACGCAT-1,T cells,0.99783677
ACACGATGATGTGC-1,Mono,1.0
ACACGATGTCGTAG-1,T cells,0.99999905
ACACGATGTGGTCA-1,T cells,0.99999905
ACAGACACGGCATT-1,T cells,0.9999455
ACAGACACGTTGTG-1,T cells,0.99951637
ACAGCAACACCTAG-1,Mono,0.99998343
ACAGCAACCTCAAG-1,Mono,0.99999976
ACAGGTACCCCACT-1,T cells,0.9999987
ACAGGTACGCTGTA-1,T cells,0.99999917
ACAGGTACTGGTGT-1,NK,0.999987
ACAGTCGACCCAAA-1,T cells,0.99032825
ACAGTCGACCGATA-1,T cells,0.99999976
ACAGTGACTCACCC-1,T cells,0.99999964
ACAGTGACTCTATC-1,T cells,0.99984586
ACAGTGTGGTCACA-1,T cells,0.99993587
ACAGTGTGTTGCGA-1,Mono,1.0
ACATCACTCTACTT-1,Mono,1.0
ACATGGTGAAGCCT-1,T cells,0.9999802
ACATGGTGCAACCA-1,B cells,0.99987006
ACATGGTGCGAGTT-1,T cells,0.99998295
ACATGGTGCGTTGA-1,T cells,0.6651654
ACATTCTGGCATAC-1,T cells,0.9999987
ACATTCTGGGAACG-1,Mono,0.9999999
ACCAACGACATGCA-1,T cells,0.9999676
ACCACAGAAAGTAG-1,T cells,0.9999907
ACCACAGAGTTGGT-1,T cells,0.9999999
ACCACCTGTGTGCA-1,T cells,0.9999378
ACCACGCTACAGCT-1,T cells,0.99999905
ACCACGCTACCCAA-1,T cells,0.9152272
ACCACGCTGCGAGA-1,T cells,0.9999733
ACCACGCTGCTGTA-1,T cells,0.9993267
ACCAGCCTGACAGG-1,T cells,0.9999999
ACCAGTGAACGGTT-1,B cells,0.99999785
ACCAGTGAATACCG-1,Mono,1.0
ACCAGTGAGGGATG-1,T cells,1.0
ACCAGTGATGACTG-1,Mono,0.9999994
ACCATTACCTTCTA-1,T cells,0.9999944
ACCATTACGAGATA-1,T cells,0.99998856
ACCATTTGTCATTC-1,T cells,0.99999964
ACCCAAGAACTGTG-1,T cells,0.99997413
ACCCAAGAATTCCT-1,Mono,1.0
ACCCAAGAGGACAG-1,T cells,0.99999785
ACCCAAGATTCACT-1,B cells,0.9999989
ACCCACTGCGCCTT-1,Mono,0.99999475
ACCCACTGGACAGG-1,T cells,0.9996898
ACCCACTGGTTCAG-1,Platelet,0.9998462
ACCCACTGTCGTAG-1,Mono,1.0
ACCCAGCTCAGAAA-1,T cells,0.9999999
ACCCAGCTGTTAGC-1,Mono,1.0
ACCCAGCTTGCTTT-1,T cells,0.9999999
ACCCGTTGATGACC-1,B cells,0.9999896
ACCCGTTGCTGCAA-1,T cells,0.99999964
ACCCGTTGCTTCTA-1,T cells,1.0
ACCCTCGACCTATT-1,T cells,0.99304104
ACCCTCGACGGTAT-1,B cells,0.9990557
ACCCTCGATAAGGA-1,Mono,1.0
ACCCTCGATCAAGC-1,Mono,0.9999989
ACCGTGCTACCAGT-1,T cells,0.9999665
ACCGTGCTGGAACG-1,B cells,0.9999988
ACCTATTGCTGAGT-1,B cells,0.99976987
ACCTATTGTGCCCT-1,Mono,1.0
ACCTCCGAGTCCTC-1,T cells,0.9999995
ACCTCCGATATGCG-1,T cells,0.9999932
ACCTCCGATGCTGA-1,T cells,0.99999547
ACCTCGTGAACCAC-1,NK,0.986225
ACCTGAGATATCGG-1,Mono,0.9999845
ACCTGGCTAAGTAG-1,NK,0.999995
ACCTGGCTGTCTTT-1,Mono,0.9998503
ACCTTTGACTCCCA-1,Mono,1.0
ACCTTTGAGGAACG-1,Mono,1.0
ACCTTTGAGGAAGC-1,Mono,1.0
ACGAACACCTTGTT-1,T cells,0.99961793
ACGAACTGGCTATG-1,Platelet,1.0
ACGAAGCTCTCCAC-1,T cells,0.99831355
ACGAAGCTCTGAGT-1,B cells,1.0
ACGACCCTATCTCT-1,Mono,1.0
ACGACCCTGATGAA-1,T cells,0.9999962
ACGACCCTTGACAC-1,B cells,0.99994814
ACGACCCTTGACCA-1,T cells,0.9999224
ACGAGGGACAGGAG-1,Mono,0.9999999
ACGAGGGACGAACT-1,T cells,0.9999999
ACGAGGGATGTAGC-1,T cells,0.9999541
ACGAGTACCCTAAG-1,B cells,0.9999912
ACGAGTACGAATCC-1,B cells,0.9998659
ACGATCGAGGACTT-1,NK,0.9939022
ACGATCGAGTCACA-1,Mono,1.0
ACGATGACAATGCC-1,T cells,0.9999995
ACGATGACTGGTCA-1,T cells,0.9999999
ACGATTCTACGGGA-1,T cells,0.9999863
ACGCAATGGTTCAG-1,NK,0.966932
ACGCACCTGTTAGC-1,B cells,0.99999917
ACGCCACTGAACTC-1,Mono,0.9996087
ACGCCGGAAACCAC-1,Mono,1.0
ACGCCGGAAAGCCT-1,T cells,0.9999995
ACGCCGGAAATGCC-1,T cells,0.9991301
ACGCCTTGCTCCCA-1,Mono,1.0
ACGCGGTGGCGAGA-1,T cells,0.9999999
ACGCGGTGTGTGGT-1,B cells,0.9999981
ACGCGGTGTTTGCT-1,T cells,1.0
ACGCTCACAGTACC-1,T cells,0.99999774
ACGCTCACCCTTGC-1,T cells,0.9999999
ACGCTGCTGTTCTT-1,NK,0.99013454
ACGGAACTCAGATC-1,NK,0.99961925
ACGGAACTGTCGTA-1,Mono,0.99999964
ACGGAGGACTCTTA-1,Mono,1.0
ACGGATTGGGAGGT-1,B cells,0.9999951
ACGGATTGGTTAGC-1,T cells,0.9999999
ACGGCTCTGAGCAG-1,T cells,0.99999976
ACGGCTCTTGCACA-1,T cells,0.9999944
ACGGTAACCGCTAA-1,T cells,0.9999999
ACGGTAACCTTCGC-1,T cells,0.98198706
ACGGTAACGGTGGA-1,T cells,0.9994418
ACGGTAACTCGCAA-1,T cells,0.6543899
ACGGTATGAGTCGT-1,Mono,1.0
ACGGTATGGGTATC-1,B cells,0.9999995
ACGGTATGGTTGTG-1,B cells,0.99999547
ACGGTCCTAACGGG-1,T cells,0.99991727
ACGGTCCTCGGGAA-1,T cells,0.9999999
ACGTAGACAACCAC-1,T cells,0.99999964
ACGTAGACTACAGC-1,B cells,0.99999976
ACGTCAGAAACGAA-1,T cells,0.9999999
ACGTCAGAGAGCTT-1,Mono,0.9999999
ACGTCAGAGGGATG-1,T cells,0.9999937
ACGTCCTGATAAGG-1,Mono,1.0
ACGTCCTGTGAACC-1,Mono,1.0
ACGTCGCTCCTGAA-1,T cells,0.9987423
ACGTCGCTCTATTC-1,Mono,0.9999783
ACGTCGCTTCTCAT-1,B cells,0.9999912
ACGTGATGCCATGA-1,Mono,1.0
ACGTGATGGGTCTA-1,T cells,1.0
ACGTGATGTAACCG-1,Mono,1.0
ACGTGATGTGACAC-1,NK,1.0
ACGTGCCTCCGTAA-1,T cells,0.99998987
ACGTGCCTTCTATC-1,T cells,0.9971814
ACGTTACTTTCCAT-1,T cells,0.9999989
ACGTTGGAAAAGCA-1,T cells,0.99996686
ACGTTGGAAACCTG-1,T cells,0.9814543
ACGTTGGACCGTAA-1,Mono,0.99999964
ACGTTGGAGCCAAT-1,NK,0.99999595
ACGTTGGATATGGC-1,B cells,0.99839646
ACGTTGGATCAGGT-1,Mono,1.0
ACGTTTACATCAGC-1,T cells,0.9999999
ACTAAAACCCACAA-1,T cells,0.99992585
ACTAAAACTCGACA-1,Mono,1.0
ACTACGGAATTTCC-1,T cells,0.99998665
ACTACGGACCTATT-1,T cells,0.99998045
ACTACGGATCGCTC-1,T cells,0.9999999
ACTACTACTAAGGA-1,T cells,0.9999728
ACTAGGTGGAACCT-1,T cells,0.99999917
ACTAGGTGGAACTC-1,T cells,1.0
ACTATCACCTTGGA-1,T cells,0.98656505
ACTATCACTGCCAA-1,T cells,0.99999976
ACTCAGGACTGAAC-1,T cells,0.9999995
ACTCAGGATCTATC-1,B cells,0.9999995
ACTCAGGATTCGTT-1,Mono,0.99998546
ACTCCTCTCAACTG-1,T cells,0.99999785
ACTCGCACGAAAGT-1,Mono,1.0
ACTCGCACTACGAC-1,Mono,1.0
ACTCTCCTGACACT-1,T cells,0.9995586
ACTCTCCTGCATAC-1,B cells,0.99997044
ACTCTCCTGTTTGG-1,T cells,0.9999999
ACTGAGACAACCAC-1,T cells,0.94728893
ACTGAGACCCATAG-1,Mono,1.0
ACTGAGACGTTGGT-1,B cells,0.9999999
ACTGCCACACACGT-1,T cells,0.9999349
ACTGCCACTCCGTC-1,NK,0.99999917
ACTGGCCTTCAGTG-1,NK,0.99999964
ACTGTGGACGTGTA-1,B cells,0.9585231
ACTGTGGATCTAGG-1,B cells,0.9999988
ACTGTTACCCACAA-1,Mono,0.99999976
ACTGTTACTGCAGT-1,T cells,0.99935704
ACTTAAGAACCACA-1,T cells,0.99999905
ACTTAAGACCACAA-1,T cells,0.99998534
ACTTAAGATTACTC-1,Mono,0.99999964
ACTTAGCTGCGTAT-1,Mono,1.0
ACTTAGCTGGGAGT-1,T cells,0.99999774
ACTTCAACAAGCAA-1,T cells,0.9978079
ACTTCAACGTAGGG-1,NK,0.999653
ACTTCCCTTTCCGC-1,T cells,0.9999807
ACTTCTGACATGCA-1,B cells,0.99999774
ACTTGACTCCACAA-1,B cells,0.99999905
ACTTGGGAGAAAGT-1,Mono,1.0
ACTTGGGAGGTTTG-1,T cells,0.99998033
ACTTGGGATGTGAC-1,Mono,0.9995285
ACTTGGGATTGACG-1,Mono,1.0
ACTTGTACCCGAAT-1,T cells,0.99999535
ACTTGTACCTGTCC-1,T cells,0.99998593
ACTTTGTGCGATAC-1,NK,0.9239646
ACTTTGTGGAAAGT-1,T cells,0.9999932
ACTTTGTGGATAGA-1,Mono,1.0
AGAAACGAAAGTAG-1,B cells,0.99988115
AGAAAGTGCGCAAT-1,T cells,0.9999845
AGAAAGTGGGGATG-1,Mono,1.0
AGAACAGAAATGCC-1,NK,0.99817705
AGAACAGACGACTA-1,B cells,0.9997037
AGAACAGAGACAAA-1,T cells,0.9999956
AGAACGCTTTGCTT-1,T cells,0.9999968
AGAAGATGTGACTG-1,T cells,0.99999976
AGAATGGAAGAAGT-1,T cells,0.99998987
AGAATTTGTAACCG-1,T cells,1.0
AGAATTTGTAGAGA-1,T cells,0.9999578
AGACACACTGTAGC-1,T cells,0.9999813
AGACACTGTCAAGC-1,Mono,1.0
AGACCTGAAGTAGA-1,Mono,1.0
AGACCTGACCAACA-1,T cells,0.999997
AGACCTGAGGAAGC-1,T cells,0.99999654
AGACGTACAGAGGC-1,T cells,0.99988794
AGACGTACCCCTAC-1,B cells,0.99998176
AGACGTACCTCTTA-1,Mono,1.0
AGACGTACTCGTGA-1,Mono,1.0
AGACTGACCATCAG-1,NK,0.9095591
AGACTGACCCTTTA-1,T cells,0.99999416
AGACTTCTCATGCA-1,B cells,0.99989164
AGAGATGACAGTCA-1,B cells,0.99996376
AGAGATGACTGAAC-1,T cells,0.9999974
AGAGATGAGGTTTG-1,Mono,1.0
AGAGATGATCTCGC-1,B cells,0.99999964
AGAGATGATTGTGG-1,T cells,0.9999999
AGAGCGGAGGCAAG-1,Mono,1.0
AGAGGTCTACAGCT-1,T cells,0.91037446
AGAGTCTGGTCGTA-1,Mono,1.0
AGAGTGCTCAGCTA-1,T cells,0.99999905
AGAGTGCTCGAATC-1,T cells,0.9999988
AGAGTGCTGTCATG-1,T cells,1.0
AGAGTGCTGTCCTC-1,T cells,0.8937441
AGAGTGCTGTGTTG-1,B cells,0.99999785
AGATATACCCGTAA-1,NK,0.99996483
AGATATACGATGAA-1,T cells,0.9999999
AGATATACTGTTCT-1,B cells,0.9999988
AGATATTGCCTACC-1,T cells,0.999665
AGATATTGGCCAAT-1,Mono,1.0
AGATCGTGTCTGGA-1,Mono,1.0
AGATCGTGTTTGTC-1,B cells,0.99999857
AGATCTCTATCACG-1,B cells,0.99998844
AGATTAACGTTCTT-1,Mono,1.0
AGATTCCTATCGTG-1,T cells,0.99993205
AGATTCCTCACTTT-1,Mono,1.0
AGATTCCTGACGAG-1,Mono,1.0
AGATTCCTGTTCAG-1,NK,0.9999765
AGCAAAGATATGCG-1,T cells,0.99990153
AGCACAACAGTCTG-1,T cells,0.9999938
AGCACTGAGGGAGT-1,T cells,0.9999999
AGCACTGATATGCG-1,T cells,0.9999945
AGCACTGATGCTTT-1,Mono,0.9999976
AGCACTGATTGCGA-1,T cells,0.9999999
AGCATCGAAGATCC-1,T cells,0.99999857
AGCATCGAAGGGTG-1,B cells,0.99997234
AGCATCGAGCTTCC-1,Mono,1.0
AGCATCGAGTGAGG-1,T cells,0.9999764
AGCATCGATAACCG-1,Mono,1.0
AGCATGACGATGAA-1,T cells,0.99996054
AGCCAATGGGGAGT-1,Mono,0.99999774
AGCCAATGTATCTC-1,T cells,0.99999976
AGCCACCTGGATCT-1,T cells,0.9999994
AGCCGGTGCCAATG-1,T cells,1.0
AGCCGGTGTGTTTC-1,T cells,0.99999845
AGCCGTCTCAATCG-1,T cells,0.9999999
AGCCGTCTGAGAGC-1,T cells,0.9999136
AGCCTCACGTTCGA-1,T cells,0.9999999
AGCCTCACTGTCAG-1,Mono,1.0
AGCCTCTGCAGTTG-1,B cells,0.9999752
AGCCTCTGCCAATG-1,NK,0.99958473
AGCGAACTGGATCT-1,T cells,0.9999999
AGCGAACTTACTGG-1,T cells,0.99955875
AGCGATACGGAGCA-1,T cells,0.99999654
AGCGATTGAGATCC-1,T cells,0.6883137
AGCGCCGAATCTCT-1,T cells,0.99986815
AGCGCCGACAGAGG-1,T cells,0.9999999
AGCGCTCTACCTTT-1,T cells,0.9999993
AGCGGCACCGGGAA-1,T cells,0.9999994
AGCGGCTGATGTGC-1,T cells,0.99999976
AGCGGGCTTGCCAA-1,T cells,0.9999949
AGCGTAACATGCTG-1,T cells,0.9999999
AGCGTAACTGAGAA-1,Mono,1.0
AGCTCGCTACTGGT-1,T cells,0.99999917
AGCTCGCTCTGCTC-1,T cells,0.99995863
AGCTGAACCATACG-1,Mono,1.0
AGCTGAACCTCTCG-1,T cells,0.99999964
AGCTGCCTTGGGAG-1,Mono,0.9999876
AGCTGCCTTTCATC-1,T cells,0.99999964
AGCTGCCTTTCTGT-1,T cells,0.99999917
AGCTGTGATCCAAG-1,T cells,0.99999
AGCTTTACAAGTAG-1,T cells,0.9999999
AGCTTTACACCAAC-1,T cells,0.98953307
AGCTTTACTCTCAT-1,B cells,0.9999862
AGGAAATGAGGAGC-1,T cells,0.9999956
AGGAACCTCTTAGG-1,Mono,1.0
AGGAACCTTGCCTC-1,T cells,1.0
AGGAATGATAACGC-1,T cells,0.9999958
AGGAATGATTTGTC-1,T cells,0.99999845
AGGAGTCTGGTTTG-1,T cells,0.9999484
AGGAGTCTTGTCAG-1,T cells,0.9999976
AGGATAGACATTTC-1,T cells,1.0
AGGATAGAGGATTC-1,T cells,0.7056583
AGGATGCTACTAGC-1,B cells,0.99999917
AGGATGCTTTAGGC-1,NK,0.99999917
AGGCAACTGAAGGC-1,T cells,0.99999976
AGGCAGGAGTACCA-1,T cells,0.9982455
AGGCCTCTAGTCGT-1,T cells,0.9999989
AGGCCTCTCGGAGA-1,T cells,0.9999943
AGGCCTCTCGTAAC-1,T cells,0.9610638
AGGGACGACGTTGA-1,T cells,0.9999999
AGGGACGAGTCAAC-1,NK,0.99999976
AGGGACGAGTTGTG-1,T cells,0.9999999
AGGGACGATAGAGA-1,T cells,0.9998611
AGGGACGATGCATG-1,T cells,0.9987795
AGGGAGTGAGCCTA-1,T cells,0.999571
AGGGCCACCATACG-1,T cells,0.9999994
AGGGCGCTAACCAC-1,Mono,1.0
AGGGCGCTATGGTC-1,T cells,0.9999615
AGGGTGGACAGTCA-1,B cells,0.9999994
AGGGTGGACTCAAG-1,Mono,1.0
AGGGTGGAGTTGCA-1,T cells,0.99999976
AGGGTTTGTTCATC-1,Mono,0.9999993
AGGTCATGAGTGTC-1,B cells,0.9997718
AGGTCATGCTTATC-1,T cells,0.99999917
AGGTCTGATTCTCA-1,Mono,1.0
AGGTGGGAAGAATG-1,T cells,0.99999845
AGGTGGGAAGTTCG-1,T cells,1.0
AGGTGTTGGTTACG-1,B cells,0.999995
AGGTTCGAACCTCC-1,Mono,0.9999999
AGGTTCGAACGTAC-1,Mono,1.0
AGGTTCGAGGGTGA-1,T cells,0.99987316
AGTAAGGAGTTTGG-1,T cells,0.99998796
AGTAAGGATTCTTG-1,T cells,0.99998605
AGTAATACATCACG-1,NK,0.9998702
AGTAATACCGAACT-1,B cells,0.99992466
AGTAATTGTCCCAC-1,T cells,0.9999989
AGTACGTGAGGGTG-1,T cells,0.99999905
AGTACGTGCTGCAA-1,T cells,0.99999976
AGTACGTGCTTGGA-1,T cells,0.99999654
AGTACTCTACGTGT-1,B cells,0.99999833
AGTACTCTCAACCA-1,T cells,0.9905399
AGTACTCTCGGTAT-1,T cells,0.9999989
AGTAGGCTTGCCTC-1,Mono,1.0
AGTATAACTTGTCT-1,Mono,1.0
AGTATCCTAGAACA-1,T cells,0.9999527
AGTCACGATGAGCT-1,B cells,0.95531994
AGTCAGACGAATAG-1,T cells,0.9999994
AGTCAGACGCTTAG-1,T cells,0.99493814
AGTCAGACTAGAGA-1,T cells,0.9999989
AGTCAGACTGCACA-1,T cells,1.0
AGTCCAGATATCTC-1,T cells,0.9999676
AGTCCAGATTTCAC-1,T cells,0.9999999
AGTCGAACCAACCA-1,T cells,0.9999951
AGTCGCCTCCGTAA-1,T cells,0.9999809
AGTCTACTAGGGTG-1,Mono,0.9999994
AGTCTACTTGCATG-1,Mono,1.0
AGTCTTACACCACA-1,T cells,0.99999964
AGTCTTACTTCGCC-1,T cells,0.9999993
AGTCTTACTTCGGA-1,Platelet,0.9998103
AGTGACTGCAACTG-1,Mono,1.0
AGTGTTCTAACCTG-1,T cells,0.9999814
AGTGTTCTATAAGG-1,T cells,0.99995434
AGTGTTCTCACTTT-1,Mono,1.0
AGTTAAACCACTTT-1,T cells,0.999998
AGTTATGAACAGTC-1,Mono,1.0
AGTTATGACTGAGT-1,T cells,0.99999976
AGTTATGAGTTCAG-1,T cells,0.9999616
AGTTCTACCAGCTA-1,Mono,0.9999999
AGTTCTTGAAGCCT-1,T cells,0.99925977
AGTTGTCTACTACG-1,T cells,0.99999166
AGTTTAGATGGTCA-1,T cells,0.99999213
AGTTTCACGGTCTA-1,T cells,1.0
AGTTTGCTACAGTC-1,T cells,0.9999839
AGTTTGCTACTGGT-1,NK,0.9993511
AGTTTGCTCCAAGT-1,T cells,0.9999683
ATAAACACAGTGCT-1,B cells,0.9999995
ATAAACACCACCAA-1,T cells,0.99999976
ATAACAACATGCTG-1,Mono,1.0
ATAACAACGTCTAG-1,T cells,0.9999995
ATAACAACTTTGTC-1,T cells,0.99999964
ATAACATGTACTCT-1,T cells,0.9999999
ATAACCCTGTTGGT-1,T cells,0.99979013
ATAACCCTTGGTAC-1,T cells,1.0
ATAAGTACGAATGA-1,B cells,0.99999344
ATAAGTTGGTACGT-1,Mono,0.99999404
ATAAGTTGTCTAGG-1,T cells,0.9999845
ATAATCGAGCTGAT-1,B cells,0.99998844
ATAATCGATGGTTG-1,T cells,0.999998
ATAATGACCTACTT-1,T cells,0.9999976
ATAATGACTCGTGA-1,Mono,1.0
ATACAATGTTAGGC-1,T cells,0.99999976
ATACCACTCGTACA-1,Mono,1.0
ATACCACTCTAAGC-1,Mono,0.99999964
ATACCACTGCCAAT-1,T cells,0.6923128
ATACCGGAATGCTG-1,Mono,1.0
ATACCGGACATTTC-1,Mono,1.0
ATACCGGACTTCGC-1,T cells,0.9999999
ATACCGGAGGTGTT-1,Mono,1.0
ATACCGGATCTCGC-1,T cells,0.99999905
ATACCTACGCATCA-1,T cells,0.99999607
ATACCTTGGGGCAA-1,T cells,1.0
ATACGGACAGACTC-1,Mono,0.99998784
ATACGGACCTACTT-1,Mono,0.9999963
ATACGGACGAGGTG-1,B cells,0.9999219
ATACGGACTATGCG-1,B cells,0.9998915
ATACGGACTCTGGA-1,Mono,0.9999999
ATACGTCTTAACGC-1,Mono,1.0
ATACTCTGCTTCGC-1,Mono,1.0
ATACTCTGGTATGC-1,NK,0.9999994
ATAGATACCATGGT-1,T cells,0.9964503
ATAGATACGACGAG-1,T cells,0.9999788
ATAGATTGGTGTAC-1,B cells,1.0
ATAGCCGAACGGAG-1,T cells,0.9999994
ATAGCGTGCAGATC-1,T cells,0.9999987
ATAGCGTGCCCTTG-1,Mono,1.0
ATAGCGTGGTATCG-1,Mono,0.9999968
ATAGCGTGTCTCTA-1,T cells,0.99994016
ATAGCTCTCTGATG-1,T cells,0.9996984
ATAGCTCTGAGGTG-1,T cells,0.9999713
ATAGGAGAAACAGA-1,Mono,1.0
ATAGGCTGTCAGAC-1,T cells,0.9999994
ATAGTCCTAGTGTC-1,Mono,1.0
ATAGTCCTTGCATG-1,T cells,0.999998
ATAGTCCTTGTCGA-1,T cells,0.99999976
ATAGTTGACAACTG-1,T cells,0.99999154
ATAGTTGACCCTCA-1,Mono,1.0
ATAGTTGAGACGTT-1,T cells,0.9999776
ATAGTTGATAAGCC-1,T cells,0.99998057
ATATACGAAGCCAT-1,T cells,0.9999999
ATATACGAATTGGC-1,T cells,0.99999845
ATATAGTGGAATGA-1,Mono,0.99999785
ATATGCCTAGATCC-1,Mono,1.0
ATATGCCTGGACAG-1,T cells,0.9999999
ATATGCCTTCTCTA-1,T cells,0.9999666
ATATGCCTTGGTAC-1,T cells,0.999997
ATCAAATGAGCCTA-1,Mono,1.0
ATCAAATGGGTAAA-1,Mono,1.0
ATCAACCTAAACGA-1,T cells,0.9999999
ATCAACCTGAGGAC-1,T cells,0.9999585
ATCAACCTTCTCTA-1,T cells,0.99970955
ATCAACCTTTGTCT-1,T cells,0.8068483
ATCACACTTTGTCT-1,T cells,0.99999845
ATCACGGATTGCTT-1,Mono,0.99999416
ATCACGGATTTCGT-1,B cells,0.9999964
ATCATCTGACACCA-1,Platelet,0.9999838
ATCATGCTAGAGTA-1,T cells,0.778992
ATCATGCTGAACCT-1,B cells,1.0
ATCCAGGACGCTAA-1,Mono,1.0
ATCCAGGATGGAAA-1,T cells,0.9999988
ATCCATACTCCTTA-1,Mono,1.0
ATCCATACTTCATC-1,Mono,1.0
ATCCCGTGCAGTCA-1,NK,0.9999907
ATCCCGTGCATGCA-1,B cells,0.99896264
ATCCCGTGGCTGAT-1,B cells,0.99999964
ATCCGCACGCATCA-1,B cells,0.9999987
ATCCTAACGACGGA-1,B cells,0.99999154
ATCCTAACGCTACA-1,T cells,0.99999845
ATCGACGAAACTGC-1,Mono,1.0
ATCGACGAATGACC-1,T cells,0.99999905
ATCGAGTGGACGTT-1,T cells,0.9999993
ATCGCAGAATCTCT-1,Mono,1.0
ATCGCAGAGTGTCA-1,B cells,0.99999917
ATCGCCACTGAGGG-1,T cells,0.99664885
ATCGCCTGGGTCAT-1,T cells,0.9999987
ATCGCCTGTGGCAT-1,B cells,0.9935643
ATCGCGCTCAGAGG-1,Mono,1.0
ATCGCGCTGGGATG-1,T cells,0.999987
ATCGCGCTTTTCGT-1,B cells,0.9999976
ATCGGAACCAGTCA-1,T cells,0.9998572
ATCGGTGAGTCAAC-1,T cells,0.9999682
ATCGGTGATTGCAG-1,T cells,0.99999917
ATCGTTTGCCTACC-1,Mono,1.0
ATCGTTTGGGTACT-1,Mono,1.0
ATCGTTTGTGCCAA-1,Mono,0.99990094
ATCTACACCCGCTT-1,Mono,0.9999745
ATCTACACCGGGAA-1,T cells,0.9970669
ATCTCAACAGGAGC-1,B cells,0.9999993
ATCTCAACCTCGAA-1,T cells,0.99811256
ATCTCAACCTTGTT-1,Mono,1.0
ATCTGGGAAACCAC-1,Mono,1.0
ATCTGGGAAGTGTC-1,Mono,1.0
ATCTGGGATTCCGC-1,T cells,0.9480784
ATCTGTTGAACGGG-1,T cells,0.99956757
ATCTGTTGACCTCC-1,T cells,0.9999999
ATCTGTTGCCTTCG-1,Mono,1.0
ATCTGTTGGTTGCA-1,T cells,1.0
ATCTTGACACCAAC-1,T cells,0.99999917
ATCTTGACCTCCCA-1,Mono,0.9999995
ATCTTTCTGCATCA-1,T cells,0.9873031
ATCTTTCTGTTTCT-1,T cells,0.99975353
ATCTTTCTTGTCCC-1,NK,1.0
ATGAAACTCTGTGA-1,T cells,0.9999999
ATGAAACTGAGGCA-1,T cells,0.99999154
ATGAAGGAACAGCT-1,NK,0.79016364
ATGAAGGACCTGTC-1,B cells,0.999997
ATGAAGGACCTTAT-1,B cells,0.9979571
ATGAAGGACTAGTG-1,B cells,0.9959668
ATGAAGGACTTGCC-1,NK,0.9999863
ATGACGTGACGACT-1,B cells,0.99999845
ATGACGTGATCGGT-1,Mono,1.0
ATGAGAGAAAGTGA-1,T cells,0.9999999
ATGAGAGAACGCAT-1,T cells,0.9999994
ATGAGAGAAGTAGA-1,B cells,0.9999813
ATGAGCACACAGCT-1,T cells,1.0
ATGAGCACATCTTC-1,T cells,0.9999629
ATGATAACTTCACT-1,NK,0.9999969
ATGATATGAAACAG-1,T cells,1.0
ATGATATGACTGGT-1,T cells,0.9999505
ATGATATGAGCACT-1,T cells,0.99973685
ATGATATGGTCATG-1,T cells,0.99999666
ATGATATGGTGCTA-1,NK,0.9999584
ATGATATGTTGTCT-1,Mono,1.0
ATGCACGAATGTCG-1,B cells,0.99996424
ATGCACGACTGTAG-1,T cells,0.99951553
ATGCACGAGAACCT-1,B cells,0.99999607
ATGCACGAGTTCGA-1,T cells,0.9999995
ATGCACGATTGGTG-1,Mono,1.0
ATGCAGTGTTACCT-1,B cells,0.99998784
ATGCAGTGTTCTAC-1,T cells,0.99999833
ATGCCAGAACGACT-1,T cells,0.99999976
ATGCCAGACAGTCA-1,Mono,0.99999976
ATGCCGCTTGAACC-1,Mono,1.0
ATGCGATGCTATGG-1,Mono,1.0
ATGCGATGCTGAGT-1,T cells,0.99999905
ATGCGATGGTTACG-1,B cells,0.9997888
ATGCGCCTTCATTC-1,T cells,0.99999535
ATGCTTTGCGAATC-1,T cells,0.99999976
ATGCTTTGGGCGAA-1,T cells,0.999246
ATGCTTTGTAGTCG-1,B cells,0.9999782
ATGGACACATCGGT-1,T cells,0.9999999
ATGGACACGCATCA-1,NK,0.9998894
ATGGGTACAACCTG-1,B cells,0.9999869
ATGGGTACATCGGT-1,NK,0.99999726
ATGGGTACTATTCC-1,T cells,0.9987715
ATGGGTACTGGGAG-1,T cells,0.9999999
ATGTAAACACCTCC-1,T cells,0.9999993
ATGTAAACCCGCTT-1,T cells,0.9999999
ATGTAAACGGGATG-1,Mono,1.0
ATGTAAACTCTCCG-1,T cells,0.9999988
ATGTAAACTTCACT-1,Mono,1.0
ATGTACCTCAGTCA-1,T cells,0.9999995
ATGTACCTTAGTCG-1,T cells,0.9999995
ATGTACCTTTATCC-1,Mono,0.9999999
ATGTACCTTTCACT-1,T cells,0.9999987
ATGTCACTAATGCC-1,Mono,1.0
ATGTCACTCTGCTC-1,T cells,0.99429613
ATGTCGGAGGTGAG-1,T cells,0.9999976
ATGTTCACAGTCTG-1,Mono,1.0
ATGTTCACCGTAGT-1,T cells,0.99999964
ATGTTGCTTTCAGG-1,T cells,0.9999765
ATTAACGATGAGAA-1,NK,0.99771166
ATTAACGATGCAAC-1,T cells,1.0
ATTAAGACTGCAGT-1,T cells,0.9998286
ATTACCTGCCTTAT-1,Mono,1.0
ATTACCTGGAGGAC-1,Mono,1.0
ATTACCTGGGCATT-1,B cells,0.99956733
ATTAGATGTTTCAC-1,T cells,0.9999975
ATTATGGAATCTCT-1,T cells,0.99999833
ATTCAAGAACGGGA-1,T cells,0.99999976
ATTCAAGACCTTTA-1,T cells,0.9999908
ATTCAGCTCATTGG-1,Platelet,0.9999877
ATTCCAACCATTGG-1,Mono,1.0
ATTCCAACTTAGGC-1,NK,0.9999999
ATTCGACTCACTAG-1,T cells,0.9999641
ATTCGACTGAATAG-1,Mono,1.0
ATTCGACTTTTGTC-1,Mono,0.99999964
ATTCGGGAAAGGCG-1,Mono,1.0
ATTCGGGATTAGGC-1,T cells,0.99999976
ATTCTTCTGATACC-1,T cells,0.9806902
ATTGAATGGACGGA-1,T cells,0.80242026
ATTGATGAAGGTTC-1,T cells,0.999995
ATTGATGACTGAGT-1,T cells,0.99997485
ATTGATGAGCGAAG-1,T cells,0.9999926
ATTGATGATCTATC-1,T cells,0.9999534
ATTGCACTGACGGA-1,T cells,0.9999995
ATTGCACTGAGAGC-1,Mono,1.0
ATTGCACTGGAGCA-1,Mono,1.0
ATTGCACTTAGCCA-1,T cells,0.9999999
ATTGCACTTGCTTT-1,Mono,1.0
ATTGCTTGTTACTC-1,B cells,0.99998856
ATTGGTCTGACTAC-1,B cells,0.9999776
ATTGGTCTTGTCTT-1,B cells,0.9990376
ATTGTAGATTCCCG-1,Mono,1.0
ATTGTAGATTGCAG-1,T cells,0.9999883
ATTGTCTGCGTACA-1,T cells,0.999998
ATTTAGGAACCATG-1,Mono,1.0
ATTTAGGACAGAGG-1,T cells,0.99999464
ATTTCCGAGATGAA-1,T cells,0.9999869
ATTTCCGAGTGCTA-1,T cells,0.99999857
ATTTCGTGTATGGC-1,T cells,0.96314305
ATTTCTCTACTTTC-1,Mono,1.0
ATTTCTCTAGCAAA-1,T cells,1.0
ATTTCTCTCACTTT-1,Mono,1.0
ATTTCTCTTCCCAC-1,T cells,0.99955946
ATTTGCACAAGATG-1,Mono,0.9999999
CAAAGCACAGCTCA-1,T cells,1.0
CAAAGCACCGTAAC-1,B cells,0.99999964
CAAAGCACGGTAAA-1,T cells,0.9999727
CAAAGCTGAAAGTG-1,T cells,0.9999503
CAAAGCTGTTGCTT-1,Mono,1.0
CAAATATGTGACAC-1,T cells,0.9998004
CAAATTGAGGGCAA-1,T cells,0.9999807
CAAATTGATGGAGG-1,Mono,0.9999906
CAACCAGAAAAGTG-1,T cells,0.99999905
CAACCAGAAGTGCT-1,T cells,0.9999999
CAACCAGAGTTCAG-1,Mono,1.0
CAACCAGATAGAAG-1,Mono,0.99992895
CAACCGCTGTTCAG-1,T cells,0.9965109
CAACCGCTTTGAGC-1,T cells,0.99999475
CAACGATGCGCAAT-1,Mono,1.0
CAACGTGACTCCAC-1,Mono,1.0
CAACGTGAGCCATA-1,T cells,0.99999774
CAACGTGATCAAGC-1,Mono,1.0
CAAGAAGACCACAA-1,T cells,0.9856286
CAAGAAGACGTCTC-1,Mono,1.0
CAAGAAGATTCTAC-1,T cells,0.9999989
CAAGACTGACCTGA-1,B cells,0.99998546
CAAGACTGAGTAGA-1,B cells,0.9999981
CAAGCTGACCATAG-1,Mono,1.0
CAAGCTGATCTATC-1,T cells,0.9999627
CAAGGACTGTTCAG-1,T cells,0.9999999
CAAGGACTTCTTTG-1,T cells,0.9718463
CAAGGTTGCTCCAC-1,T cells,0.9999105
CAAGGTTGTCATTC-1,B cells,0.9999968
CAAGGTTGTCTGGA-1,NK,0.9999999
CAAGTCGAAACAGA-1,B cells,1.0
CAAGTCGATAGCGT-1,Mono,1.0
CAATAAACGCCATA-1,Mono,0.99994886
CAATAATGAACTGC-1,Mono,1.0
CAATATGACATGGT-1,T cells,0.99999905
CAATATGACCTTCG-1,T cells,1.0
CAATATGACGTTAG-1,T cells,0.9992574
CAATATGAGGAGCA-1,T cells,0.9998703
CAATCGGAGAAACA-1,T cells,0.99955815
CAATCTACTGACTG-1,NK,0.9999982
CAATTCACCCAACA-1,T cells,0.99986064
CAATTCACGATAGA-1,T cells,0.99999905
CAATTCACTTGTGG-1,T cells,0.9990465
CAATTCTGCTTGTT-1,Mono,1.0
CAATTCTGGCGTAT-1,Mono,0.9999999
CACAACGATACGAC-1,T cells,0.99999845
CACAATCTTGTTCT-1,T cells,0.9999975
CACAATCTTTCCAT-1,T cells,1.0
CACACCTGCTTGAG-1,T cells,0.99999225
CACACCTGTATGGC-1,T cells,0.9999993
CACAGAACCCTTGC-1,B cells,0.9956534
CACAGAACCTGATG-1,T cells,1.0
CACAGATGGGATTC-1,T cells,0.9999585
CACAGATGGTTTCT-1,Mono,1.0
CACAGCCTGATACC-1,T cells,0.9999999
CACAGCCTTGCCAA-1,Mono,1.0
CACAGCCTTGTAGC-1,T cells,0.9999999
CACAGTGATGAAGA-1,Mono,1.0
CACATACTACAGCT-1,T cells,0.990155
CACATGGAACACGT-1,T cells,0.99999976
CACATGGAAGTCGT-1,T cells,0.9999999
CACCACTGCCAACA-1,T cells,0.9999993
CACCACTGGCGAAG-1,T cells,0.68926066
CACCCATGTTCTGT-1,T cells,0.9808045
CACCGGGAATCGAC-1,T cells,0.9999887
CACCGGGACGAGAG-1,T cells,0.9999999
CACCGGGACGTGTA-1,T cells,1.0
CACCGGGACTTCTA-1,T cells,0.99998164
CACCGGGACTTGCC-1,T cells,0.99999917
CACCGGGATTCGGA-1,T cells,0.9999976
CACCGTACTAAGGA-1,B cells,0.9999615
CACCGTACTAGCGT-1,T cells,0.99999964
CACCTGACACCCAA-1,T cells,0.99978894
CACCTGACCAGAAA-1,T cells,0.999949
CACCTGACCTCAAG-1,T cells,0.9988689
CACCTGACGAAAGT-1,B cells,0.9999957
CACCTGACTCGTAG-1,T cells,0.99999845
CACGAAACTTCCGC-1,B cells,0.9999976
CACGACCTCGATAC-1,B cells,0.999951
CACGCTACAGAAGT-1,T cells,0.9958722
CACGCTACTGTTCT-1,B cells,0.99999523
CACGCTACTTGACG-1,Mono,0.9999759
CACGGGACAGAGTA-1,T cells,0.9999999
CACGGGACATAAGG-1,T cells,0.9999821
CACGGGACGTAGGG-1,T cells,1.0
CACGGGTGCTTCGC-1,T cells,0.9999995
CACGGGTGGAGGAC-1,NK,0.9438251
CACGGGTGTGTTTC-1,T cells,0.99970824
CACTAACTCCTAAG-1,B cells,0.9999826
CACTAACTGAAAGT-1,T cells,0.99999917
CACTAGGATGATGC-1,B cells,0.9999496
CACTATACCCCGTT-1,B cells,0.99999964
CACTATACGTTTGG-1,T cells,0.9999753
CACTGAGACAGTCA-1,Mono,0.99995136
CACTGCACTTCATC-1,T cells,0.99999917
CACTGCTGAGACTC-1,Mono,1.0
CACTGCTGGAAAGT-1,T cells,0.9999995
CACTTAACCGAATC-1,T cells,0.9999863
CACTTAACCGTACA-1,B cells,0.9999763
CACTTTGACTCTAT-1,T cells,0.9951782
CACTTTGAGCTGTA-1,T cells,0.9125975
CAGAAGCTCTCAAG-1,T cells,0.99999976
CAGACATGAACGGG-1,T cells,0.99999285
CAGACATGTCGACA-1,T cells,0.99999535
CAGACCCTAAGGTA-1,Mono,1.0
CAGACCCTAATGCC-1,T cells,0.9999995
CAGACCCTAGGAGC-1,T cells,0.99999917
CAGACTGAGTATGC-1,T cells,0.9999498
CAGATCGAATGTCG-1,B cells,0.99999785
CAGATCGACCTGAA-1,T cells,0.9157783
CAGATCGATATGGC-1,T cells,0.9999974
CAGATGACATTCTC-1,NK,0.9108756
CAGCAATGCCTTCG-1,T cells,0.99991
CAGCAATGGAGGGT-1,NK,0.9999969
CAGCAATGGTGCTA-1,T cells,0.99999857
CAGCAATGTCTACT-1,Mono,1.0
CAGCAATGTGACCA-1,T cells,0.99999857
CAGCAATGTGAGGG-1,Mono,0.99999905
CAGCACCTAAGCCT-1,T cells,0.9999962
CAGCACCTAGGCGA-1,T cells,0.9999713
CAGCACCTGTAGGG-1,Mono,1.0
CAGCATGACAACCA-1,Mono,1.0
CAGCATGAGACGTT-1,T cells,0.9999337
CAGCCTACCCAACA-1,T cells,0.99999774
CAGCCTTGCTACCC-1,Mono,1.0
CAGCCTTGGGGACA-1,T cells,0.99999964
CAGCGGACACCCTC-1,T cells,0.99999905
CAGCGGACCTTTAC-1,NK,0.99781656
CAGCGTCTAAAGCA-1,T cells,0.9999337
CAGCGTCTTATCGG-1,T cells,0.9999988
CAGCTAGATGTGAC-1,Mono,0.9999994
CAGCTCTGAGGCGA-1,T cells,0.99999976
CAGCTCTGCAAGCT-1,T cells,0.9994066
CAGCTCTGTCGTAG-1,Mono,1.0
CAGCTCTGTGTGGT-1,NK,0.99999964
CAGGAACTAACTGC-1,NK,0.56238484
CAGGAACTCTCAGA-1,Mono,1.0
CAGGCCGAACACCA-1,T cells,0.9999994
CAGGCCGAACACGT-1,T cells,1.0
CAGGCCGAACGACT-1,T cells,0.9999927
CAGGCCGAATCTCT-1,Mono,1.0
CAGGCCGACTAGCA-1,B cells,0.99999976
CAGGGCACCATACG-1,B cells,0.9999777
CAGGGCACCCAACA-1,T cells,0.999982
CAGGGCACTCCCGT-1,T cells,0.99999964
CAGGTAACAGACTC-1,Mono,1.0
CAGGTATGAGTCGT-1,T cells,0.99993956
CAGGTATGTGCTTT-1,T cells,0.9999906
CAGGTTGAGGATCT-1,B cells,1.0
CAGTGATGGACGGA-1,B cells,0.99999595
CAGTGATGGCTAAC-1,T cells,0.99970907
CAGTGATGGGACAG-1,T cells,0.9999999
CAGTGATGTAAGGA-1,B cells,0.99999976
CAGTGATGTACGCA-1,B cells,0.76803225
CAGTGTGAACACGT-1,NK,0.95840484
CAGTGTGATGTCAG-1,T cells,0.9999933
CAGTTACTAAGGTA-1,B cells,1.0
CAGTTACTGATAGA-1,T cells,0.9999999
CAGTTGGAAAGAGT-1,Mono,1.0
CAGTTGGACATACG-1,T cells,0.99999857
CAGTTTACACACGT-1,T cells,1.0
CAGTTTACCCCAAA-1,T cells,0.99999046
CATAAAACGGAGCA-1,Mono,1.0
CATAAATGAACTGC-1,T cells,0.9999889
CATAACCTTCTCCG-1,T cells,1.0
CATACTACCTCGAA-1,T cells,0.9999949
CATACTACCTGAAC-1,T cells,0.9999995
CATACTACGTACCA-1,Mono,0.9999999
CATACTTGGGTTAC-1,Mono,0.9999995
CATAGTCTAATCGC-1,T cells,0.9999907
CATAGTCTCACTTT-1,T cells,1.0
CATATAGACTAAGC-1,Mono,1.0
CATATAGATCAGGT-1,B cells,0.9999975
CATCAACTAGAAGT-1,T cells,1.0
CATCAACTCCCTCA-1,T cells,0.99999976
CATCAGGACTTCCG-1,NK,0.99999225
CATCAGGATAGCCA-1,NK,0.99998534
CATCAGGATCCTAT-1,Mono,1.0
CATCAGGATGCACA-1,Mono,1.0
CATCAGGATTTCGT-1,Mono,1.0
CATCATACCGCATA-1,Mono,1.0
CATCATACGGAGCA-1,B cells,0.9999734
CATCATACTCAAGC-1,T cells,0.9999999
CATCGCTGGGATCT-1,T cells,0.99999356
CATCGCTGTGGCAT-1,B cells,0.9999896
CATCGGCTATGCTG-1,T cells,1.0
CATCGGCTTTGGCA-1,T cells,1.0
CATCTCCTATGTGC-1,B cells,1.0
CATCTCCTCGAACT-1,Mono,0.9999999
CATGAGACACGGGA-1,B cells,0.9991423
CATGAGACGTTGAC-1,NK,0.99999404
CATGAGACTCGCCT-1,T cells,0.9999963
CATGCCACGGGTGA-1,T cells,0.9999999
CATGCCACTGCCAA-1,T cells,1.0
CATGCGCTAGTCAC-1,Mono,1.0
CATGCGCTCAGATC-1,Mono,1.0
CATGCGCTTTGCAG-1,Mono,1.0
CATGGCCTAGGGTG-1,Mono,0.9999999
CATGGCCTGTGCAT-1,T cells,0.9999995
CATGTACTATCGTG-1,T cells,0.9999963
CATGTTACAGTCGT-1,T cells,0.9013233
CATGTTACCTGAGT-1,T cells,0.99995697
CATGTTTGGGGATG-1,Mono,1.0
CATTACACACGGAG-1,B cells,0.999964
CATTACACCAACTG-1,NK,0.999998
CATTACACGGAGTG-1,T cells,0.99999905
CATTACACTACTCT-1,T cells,0.9999999
CATTAGCTCCACAA-1,Mono,1.0
CATTGACTAGCGGA-1,Mono,1.0
CATTGGGACTCGAA-1,T cells,0.9997286
CATTGTACAGCGTT-1,T cells,0.99999964
CATTGTACTCGATG-1,B cells,0.9999995
CATTGTACTTATCC-1,T cells,0.9999995
CATTGTACTTTGCT-1,Mono,1.0
CATTGTTGCTAGTG-1,T cells,0.9999666
CATTTCGACTCTAT-1,T cells,0.99999976
CATTTCGAGATACC-1,NK,0.99997365
CATTTGACCACACA-1,T cells,0.99674004
CATTTGACCCTGAA-1,T cells,0.99999726
CATTTGTGACGACT-1,B cells,0.9999968
CATTTGTGCATTGG-1,T cells,0.99999905
CATTTGTGCGGAGA-1,T cells,0.9999995
CATTTGTGGGATCT-1,B cells,0.99999666
CCAAAGTGCTACGA-1,Mono,1.0
CCAAAGTGTGAGAA-1,Mono,0.9999976
CCAACCTGAAGTAG-1,T cells,0.99999857
CCAACCTGACGTAC-1,Mono,1.0
CCAACCTGTTCGCC-1,Mono,1.0
CCAAGAACCCAATG-1,T cells,0.99999654
CCAAGAACGTAGCT-1,T cells,1.0
CCAAGAACGTGTCA-1,T cells,0.9999999
CCAAGAACTACTGG-1,T cells,0.99089265
CCAAGAACTCCTAT-1,B cells,0.997675
CCAAGATGTCATTC-1,T cells,0.9999864
CCAAGATGTTTCAC-1,T cells,0.9999999
CCAAGTGAGGAACG-1,T cells,0.9999994
CCAAGTGATCAAGC-1,T cells,0.99999607
CCAATGGAACAGCT-1,Mono,0.9999999
CCAATTTGAACGTC-1,Mono,1.0
CCACCATGAACGTC-1,T cells,0.9999999
CCACCATGATCGGT-1,T cells,0.99999917
CCACCATGGACGAG-1,Mono,1.0
CCACCATGGGGAGT-1,T cells,0.9999639
CCACCATGTCCTGC-1,T cells,0.9999993
CCACTGACCCGCTT-1,Mono,1.0
CCACTGTGGGAAGC-1,Mono,0.99998975
CCACTGTGTGTAGC-1,T cells,0.99997807
CCACTTCTCGGGAA-1,Mono,1.0
CCAGAAACCCTGTC-1,B cells,0.9999715
CCAGAAACGAACTC-1,T cells,1.0
CCAGAAACGGTCTA-1,T cells,0.9999999
CCAGACCTCTGAGT-1,Mono,0.99856865
CCAGACCTTGTGGT-1,T cells,0.99995184
CCAGCACTGCGATT-1,Mono,1.0
CCAGCGGAAAGGCG-1,Mono,0.9999999
CCAGCGGACGACTA-1,Mono,1.0
CCAGCGGATGGGAG-1,T cells,0.9999933
CCAGCTACACAGTC-1,T cells,0.9999801
CCAGCTACCAGCTA-1,B cells,0.9998258
CCAGGTCTACACCA-1,B cells,0.9999918
CCAGGTCTAGCATC-1,Mono,1.0
CCAGGTCTATGGTC-1,T cells,0.99999976
CCAGTCACACTGGT-1,Mono,1.0
CCAGTCACACTGTG-1,B cells,0.9999993
CCAGTCACGTTGTG-1,T cells,0.9999999
CCAGTCTGCGGAGA-1,B cells,1.0
CCAGTGCTAACCAC-1,T cells,1.0
CCAGTGCTCGTAGT-1,T cells,0.99994254
CCATCCGAAAGCAA-1,T cells,0.99878424
CCATCCGAACGACT-1,T cells,0.9995098
CCATCCGAAGGTTC-1,B cells,0.9999902
CCATCCGATTCGCC-1,Mono,0.99999976
CCATCGTGAACGGG-1,T cells,0.99999905
CCATCGTGCTAGAC-1,Mono,1.0
CCCAACACCTCGCT-1,B cells,0.9999994
CCCAACACGCATCA-1,T cells,0.9999989
CCCAACACTTTGTC-1,Mono,1.0
CCCAACTGCAATCG-1,Mono,0.9999678
CCCAGACTGCCTTC-1,Mono,1.0
CCCAGACTGGTTTG-1,B cells,0.9999974
CCCAGACTTTCGCC-1,Mono,1.0
CCCAGTTGCAGTTG-1,Mono,1.0
CCCAGTTGGGTACT-1,T cells,0.99858296
CCCAGTTGTCTATC-1,B cells,0.9999995
CCCGATTGTGTTTC-1,T cells,0.99996567
CCCGGAGAAGGGTG-1,Mono,0.9999988
CCCTACGAATTGGC-1,Mono,1.0
CCCTAGTGCAAAGA-1,T cells,0.99999976
CCCTCAGACACTTT-1,B cells,0.99999905
CCCTCAGACGAGAG-1,T cells,0.9999993
CCCTCAGAGGTCAT-1,T cells,0.9999945
CCCTGAACTAAAGG-1,B cells,0.99996316
CCCTGATGCAACCA-1,T cells,0.99999976
CCCTGATGCAAGCT-1,B cells,0.9999982
CCCTTACTAACCAC-1,Mono,1.0
CCCTTACTGCAGTT-1,T cells,0.99977094
CCGAAAACCTTGTT-1,Mono,1.0
CCGACACTGGTTTG-1,T cells,0.9999999
CCGACTACCCAGTA-1,Mono,1.0
CCGACTACCGTGTA-1,T cells,0.9999995
CCGACTACTGAGGG-1,T cells,0.99999607
CCGATAGACCTAAG-1,T cells,0.9999937
CCGATAGAGTTGGT-1,Mono,1.0
CCGCGAGACACACA-1,Mono,1.0
CCGCGAGAGGTTCA-1,T cells,0.953837
CCGCTATGGGACGA-1,B cells,0.9999999
CCGCTATGTGCAAC-1,Mono,1.0
CCGCTATGTGCACA-1,Mono,1.0
CCGGTACTGTCCTC-1,T cells,0.9999974
CCGTACACAAGCAA-1,T cells,0.9999565
CCGTACACAGCGTT-1,B cells,0.99988294
CCGTACACGTCATG-1,T cells,0.9999999
CCGTACACGTTGGT-1,Mono,1.0
CCGTACACTAACGC-1,T cells,0.9999924
CCTAAACTTTCGTT-1,T cells,0.9999883
CCTAAGGACCCAAA-1,T cells,0.9999802
CCTAAGGACTAGCA-1,Mono,0.99999976
CCTAAGGAGGGCAA-1,T cells,0.98999363
CCTAAGGATGATGC-1,T cells,0.9999999
CCTAAGGATGTCAG-1,T cells,0.9999999
CCTACCGACTCTTA-1,T cells,0.9999869
CCTACCGAGGGATG-1,B cells,0.9999409
CCTAGAGAGGTGAG-1,B cells,0.9999783
CCTATAACCAAAGA-1,T cells,0.999997
CCTATAACGAGACG-1,Mono,0.9999982
CCTATAACTCAGAC-1,T cells,0.9999995
CCTATAACTGCATG-1,Mono,0.9999958
CCTCGAACACTTTC-1,NK,0.99998724
CCTCGAACCCGTAA-1,Mono,1.0
CCTCGAACGTATCG-1,T cells,0.9999552
CCTCGAACTTACTC-1,T cells,0.99999857
CCTCTACTCTTCGC-1,Mono,1.0
CCTCTACTGGCATT-1,T cells,0.99998915
CCTGACTGAAGTAG-1,T cells,0.9999964
CCTGACTGGGGAGT-1,T cells,0.999998
CCTGACTGTGTCTT-1,B cells,0.99999404
CCTGCAACACGTTG-1,Mono,0.99999917
CCTGGACTCGTGAT-1,T cells,0.9999608
CCTTAATGCCCAAA-1,B cells,0.99998593
CCTTAATGTTCTAC-1,Mono,1.0
CCTTCACTACGACT-1,T cells,0.9999999
CCTTCACTCAGTCA-1,B cells,0.9999099
CCTTCACTGGAGTG-1,Mono,0.9999999
CCTTTAGATTCATC-1,Mono,1.0
CGAACATGCCCTAC-1,Mono,1.0
CGAACATGTCAGAC-1,T cells,0.99995184
CGAAGACTGGAACG-1,T cells,0.99988115
CGAAGACTGTTACG-1,T cells,0.99999404
CGAAGGGAAACCTG-1,T cells,0.99999714
CGAAGGGATCCGAA-1,B cells,0.9999337
CGAAGTACCAACTG-1,B cells,0.9999107
CGAATCGAGGAGCA-1,Mono,0.9993291
CGAATCGAGGAGGT-1,T cells,0.99999917
CGACAAACCCATAG-1,T cells,0.99999976
CGACAAACCGACAT-1,B cells,0.99999905
CGACCACTAAAGTG-1,NK,0.99353385
CGACCACTGCCAAT-1,NK,0.9999999
CGACCGGAAGGTCT-1,T cells,0.99998856
CGACCGGATGGAAA-1,T cells,0.99999464
CGACCTTGCTAGTG-1,T cells,0.99997675
CGACCTTGGCAAGG-1,T cells,0.97083193
CGACGTCTATCGTG-1,T cells,0.99999905
CGACGTCTCGTGTA-1,T cells,0.999998
CGACGTCTGAGGCA-1,T cells,0.99997115
CGACTCACGTCGTA-1,T cells,0.9999914
CGACTCACGTTGCA-1,T cells,0.99974567
CGACTCTGTGTGAC-1,T cells,0.9999999
CGACTGCTTCCTCG-1,Mono,1.0
CGAGAACTAAGGCG-1,T cells,0.9999999
CGAGAACTACGTTG-1,T cells,0.9999937
CGAGAACTTGTTCT-1,Mono,1.0
CGAGATTGGACACT-1,NK,0.9474853
CGAGATTGGCCATA-1,T cells,0.9998573
CGAGCCGAACACCA-1,T cells,0.99999976
CGAGCCGACGACAT-1,T cells,0.9195598
CGAGCCGAGGCGAA-1,T cells,1.0
CGAGCGTGCTCCAC-1,T cells,0.9999999
CGAGCGTGGATACC-1,T cells,1.0
CGAGCGTGTATGCG-1,Mono,0.9999999
CGAGGAGACCTCCA-1,B cells,0.99999833
CGAGGAGATGTCGA-1,T cells,0.9998356
CGAGGCACCTATGG-1,T cells,1.0
CGAGGCACTATGCG-1,Mono,1.0
CGAGGCACTCTTCA-1,T cells,0.99999845
CGAGGCTGACGCTA-1,NK,0.9620666
CGAGGCTGGCAGTT-1,Mono,1.0
CGAGGGCTACGACT-1,B cells,0.9999602
CGAGGGCTCGAATC-1,T cells,0.9999888
CGAGTATGTCACCC-1,Mono,1.0
CGATACGAACAGTC-1,Mono,1.0
CGATACGACAGGAG-1,T cells,0.99999785
CGATACGATTCACT-1,B cells,0.9999988
CGATAGACCCGTAA-1,Mono,0.99999917
CGATAGACCGTACA-1,T cells,0.99999666
CGATAGACGTAGGG-1,Mono,1.0
CGATAGACTGTTCT-1,T cells,0.9999975
CGATCAGAAGAACA-1,T cells,1.0
CGATCAGAGAGGGT-1,T cells,0.9999989
CGATCAGAGGTACT-1,T cells,1.0
CGATCAGATGTGAC-1,T cells,0.9999968
CGATCCACCGGGAA-1,T cells,1.0
CGATCCACTTCCAT-1,B cells,0.9884751
CGCAAATGCTCGAA-1,T cells,0.9752993
CGCAACCTCCTTGC-1,T cells,0.9997162
CGCAACCTGGACGA-1,T cells,0.9999999
CGCACGGAGGACGA-1,B cells,0.9999728
CGCACGGATCTTTG-1,T cells,0.9999969
CGCACTACAGAATG-1,T cells,0.99999845
CGCACTACAGCCAT-1,T cells,0.9999974
CGCACTACATTGGC-1,T cells,0.9999881
CGCACTACTCGCCT-1,B cells,0.999979
CGCACTACTCGTGA-1,T cells,1.0
CGCACTTGTCACGA-1,Mono,1.0
CGCAGGACAGATCC-1,T cells,0.9999925
CGCAGGACCTACTT-1,T cells,0.9999645
CGCAGGACTTGTCT-1,Mono,1.0
CGCAGGTGCACTGA-1,T cells,0.99999785
CGCAGGTGCCATAG-1,Mono,1.0
CGCAGGTGGGAACG-1,T cells,0.9999652
CGCATAGATCACGA-1,Mono,0.9999968
CGCCATACTGCAAC-1,T cells,0.99999976
CGCCATTGAGAGGC-1,T cells,0.9999993
CGCCATTGCTATGG-1,T cells,0.9999927
CGCCATTGGAGACG-1,T cells,0.9999981
CGCCATTGGAGCAG-1,B cells,0.9999989
CGCCATTGTACTGG-1,B cells,0.9999598
CGCCGAGAGCTTAG-1,NK,0.9969478
CGCCTAACGAATGA-1,Mono,1.0
CGCCTAACTGCTCC-1,T cells,0.9999956
CGCGAGACACAGCT-1,T cells,1.0
CGCGAGACAGGTCT-1,B cells,0.9999969
CGCGAGACGCTACA-1,T cells,0.99999785
CGCGATCTCAGTCA-1,Mono,1.0
CGCGATCTGTTGAC-1,Mono,1.0
CGCGATCTTTCTTG-1,B cells,0.9999858
CGCGGATGGCCAAT-1,T cells,1.0
CGCTAAGAATGTCG-1,T cells,1.0
CGCTAAGACAACTG-1,T cells,0.9998772
CGCTAAGACCCTTG-1,T cells,0.9999994
CGCTACTGAACAGA-1,Mono,1.0
CGCTACTGAGAACA-1,T cells,0.9999999
CGCTACTGTGAGCT-1,T cells,0.99999845
CGCTACTGTTCCCG-1,T cells,0.99999356
CGCTCATGCATTTC-1,Mono,0.9999999
CGGAATTGCACTAG-1,T cells,0.99994934
CGGAATTGGTTTGG-1,T cells,0.99999917
CGGAATTGTGGAGG-1,T cells,0.99999464
CGGACCGATGCGTA-1,T cells,0.9999448
CGGACCGATGGGAG-1,T cells,0.99994516
CGGACTCTAAACAG-1,B cells,0.9999715
CGGACTCTCCAATG-1,T cells,0.99999297
CGGACTCTCCTCGT-1,T cells,0.9999858
CGGAGGCTATTCCT-1,T cells,0.9389082
CGGAGGCTTGGATC-1,T cells,0.99999976
CGGATAACAACGAA-1,Mono,1.0
CGGATAACAGCTCA-1,T cells,0.999998
CGGATAACTCAGTG-1,Mono,0.9999987
CGGCACGAACTCAG-1,T cells,1.0
CGGCACGAAGGGTG-1,T cells,0.9999938
CGGCACGACTACGA-1,Mono,1.0
CGGCATCTTAGAAG-1,T cells,0.9999976
CGGCATCTTCGTAG-1,Mono,1.0
CGGCCAGAAAGGTA-1,T cells,0.99965155
CGGCCAGAGAGGCA-1,T cells,0.99999833
CGGCGAACCAGTCA-1,Mono,1.0
CGGCGAACGACAAA-1,NK,0.999673
CGGCGAACGGTCTA-1,T cells,0.99999976
CGGCGAACTACTTC-1,NK,0.9999852
CGGGACTGCGTGTA-1,T cells,0.9999993
CGGGACTGGAATAG-1,T cells,0.9999987
CGGGCATGACCCAA-1,T cells,0.77664673
CGGGCATGTCTCTA-1,NK,0.87854344
CGGGCATGTTGTGG-1,T cells,0.99999785
CGGTAAACTCGCAA-1,T cells,0.60244334
CGGTCACTGTTTGG-1,T cells,0.99999976
CGGTCACTTACTTC-1,T cells,0.9999999
CGTAACGAATCAGC-1,T cells,0.99980503
CGTAACGATCGCCT-1,T cells,0.99999964
CGTACCACACACAC-1,T cells,0.99997497
CGTACCACACGTTG-1,T cells,0.99999416
CGTACCACCTCATT-1,T cells,0.99999857
CGTACCACGCTACA-1,T cells,0.98127043
CGTACCACGGAGCA-1,T cells,0.9998282
CGTACCTGGACGAG-1,Mono,0.99892527
CGTACCTGGCATCA-1,NK,0.99999774
CGTAGCCTCTCTCG-1,Mono,1.0
CGTAGCCTGCGAAG-1,T cells,0.9999995
CGTAGCCTGTATGC-1,Mono,1.0
CGTCAAGAAAGGTA-1,Mono,0.9999988
CGTCAAGAACGTGT-1,T cells,0.99999964
CGTCAAGACAGAGG-1,T cells,0.99996734
CGTCAAGACAGGAG-1,T cells,0.9999969
CGTCCATGCTCTTA-1,T cells,0.9999988
CGTCGACTTTCCGC-1,T cells,0.9976745
CGTGATGACGCTAA-1,T cells,0.91659665
CGTGATGAGGTTCA-1,T cells,0.9914472
CGTGCACTTATGGC-1,Mono,1.0
CGTGTAGAAAAACG-1,T cells,0.99999964
CGTGTAGACGATAC-1,NK,0.9967843
CGTGTAGAGTTACG-1,NK,0.99999774
CGTGTAGAGTTCAG-1,Mono,1.0
CGTGTAGATTCGGA-1,NK,0.9999641
CGTTAGGAAACCAC-1,T cells,0.9999995
CGTTAGGATCATTC-1,Mono,1.0
CGTTATACCCTGAA-1,T cells,0.9998043
CGTTTAACTGGTCA-1,T cells,0.99999905
CTAAACCTCTGACA-1,NK,0.9875206
CTAAACCTGTGCAT-1,B cells,0.99999845
CTAACACTAACGTC-1,T cells,0.999992
CTAACACTAGTGCT-1,Mono,1.0
CTAACGGAACCGAT-1,NK,0.9999951
CTAACGGATTTCTG-1,T cells,0.99999857
CTAACTACGGCAAG-1,T cells,0.9999951
CTAAGGACACCATG-1,T cells,0.9999957
CTAAGGACCGTTAG-1,T cells,1.0
CTAAGGACGCCATA-1,Mono,1.0
CTAAGGTGCCTAAG-1,B cells,0.9998258
CTAAGGTGTTGCAG-1,T cells,0.9999995
CTAAGGTGTTTCTG-1,T cells,0.9990657
CTAATAGAGCTATG-1,T cells,0.9982253
CTAATGCTTGTGGT-1,Mono,1.0
CTACAACTCCCGTT-1,T cells,0.9999906
CTACCTCTCAACCA-1,T cells,0.99702185
CTACGCACACCTAG-1,Mono,1.0
CTACGCACTCTCCG-1,T cells,0.9999969
CTACGCACTGGTCA-1,T cells,0.7501995
CTACGGCTTTCTTG-1,Mono,1.0
CTACTATGAACCAC-1,Mono,1.0
CTACTATGATGTGC-1,Mono,1.0
CTACTATGCTAAGC-1,T cells,0.9999881
CTACTATGTAAAGG-1,B cells,0.99982387
CTACTCCTATGTCG-1,NK,0.99999785
CTACTCCTGCCATA-1,Mono,0.9998628
CTAGAGACACTTTC-1,T cells,0.99997413
CTAGAGACAGCATC-1,T cells,0.9999994
CTAGAGACTTTGGG-1,Mono,1.0
CTAGATCTCTCTAT-1,T cells,0.9999995
CTAGATCTTCGACA-1,T cells,0.99999654
CTAGGATGAGCCTA-1,B cells,0.999982
CTAGGATGATCGTG-1,B cells,0.99922633
CTAGGCCTCTCAGA-1,T cells,0.99997985
CTAGGTGATGGTTG-1,Mono,1.0
CTAGTTACCAGAGG-1,T cells,0.99998677
CTAGTTACCGCATA-1,T cells,1.0
CTAGTTACGAAACA-1,NK,0.9999981
CTAGTTTGAGTACC-1,T cells,0.9824377
CTATAAGATCGTTT-1,B cells,0.9999981
CTATACTGAGGTTC-1,Mono,0.99984777
CTATACTGCCAGTA-1,T cells,0.9999976
CTATACTGCGCTAA-1,Mono,1.0
CTATACTGCTACGA-1,NK,0.9999999
CTATACTGTCTCAT-1,NK,0.9995908
CTATACTGTTCGTT-1,B cells,0.9909285
CTATAGCTGTCACA-1,T cells,0.99999976
CTATAGCTTCGCTC-1,Mono,1.0
CTATAGCTTGCCTC-1,Mono,1.0
CTATCAACGAACTC-1,T cells,0.99999547
CTATCAACGCAGAG-1,T cells,1.0
CTATCAACTTTGGG-1,T cells,0.99999523
CTATCCCTCCACCT-1,Mono,1.0
CTATGTACGAGAGC-1,T cells,1.0
CTATGTACGCTTAG-1,T cells,0.9999999
CTATGTACTGTTTC-1,B cells,0.9999951
CTATGTTGAAAGCA-1,T cells,0.9999994
CTATGTTGTCCTCG-1,T cells,0.99998415
CTATGTTGTCTCGC-1,T cells,1.0
CTATTGACAAACGA-1,Mono,0.99999976
CTATTGACACTGGT-1,Mono,1.0
CTATTGACGGTGAG-1,Mono,1.0
CTATTGTGGCAAGG-1,T cells,0.9812368
CTCAATTGGTTCAG-1,T cells,0.9999999
CTCAATTGGTTGCA-1,Mono,1.0
CTCAGAGATAGAAG-1,T cells,0.9999999
CTCAGCACTCTAGG-1,T cells,0.9999987
CTCAGCACTGAACC-1,Mono,0.999995
CTCAGCACTTGCAG-1,T cells,0.9999651
CTCAGCTGAACCTG-1,Mono,1.0
CTCAGCTGCAGTTG-1,T cells,0.9999999
CTCAGCTGTTTCTG-1,T cells,0.9997968
CTCAGGCTCGTTGA-1,Mono,1.0
CTCAGGCTGCTAAC-1,T cells,0.9998441
CTCATTGACCTTAT-1,T cells,0.99999976
CTCATTGATGCTTT-1,Mono,1.0
CTCATTGATTGCTT-1,Mono,0.9995035
CTCCACGAGAGATA-1,Mono,0.9999919
CTCCATCTCTTAGG-1,T cells,0.9999951
CTCCATCTGACGAG-1,T cells,0.9999974
CTCCGAACAAGTGA-1,Mono,1.0
CTCCTACTGCCTTC-1,Mono,0.9999994
CTCGAAGATGTGGT-1,T cells,0.9999994
CTCGAAGATTAGGC-1,Mono,1.0
CTCGACTGCTCTAT-1,T cells,0.9999888
CTCGACTGGGTGAG-1,T cells,0.99997747
CTCGACTGGTTGAC-1,NK,0.99874866
CTCGAGCTCTGGAT-1,NK,0.88453853
CTCGCATGACTTTC-1,T cells,0.99996674
CTCGCATGCTTAGG-1,T cells,0.9999995
CTCTAAACCTCGAA-1,T cells,0.9999995
CTCTAAACGGCGAA-1,T cells,0.99999905
CTCTAATGTCCAAG-1,Mono,1.0
CTGAACGACAGTCA-1,T cells,0.9999999
CTGAACGATGAGGG-1,T cells,0.9999887
CTGAAGACCCAACA-1,T cells,0.9999982
CTGAAGACGTGCAT-1,B cells,1.0
CTGAAGTGAAGCCT-1,Mono,1.0
CTGAAGTGCAGCTA-1,B cells,0.99999917
CTGAAGTGGCTATG-1,T cells,0.99999917
CTGAAGTGTCCAGA-1,T cells,0.9999807
CTGAATCTGAATAG-1,T cells,0.9999571
CTGACAGAATCGTG-1,T cells,0.9928323
CTGACCACAGCAAA-1,T cells,0.9999802
CTGAGAACCGGGAA-1,T cells,0.9999999
CTGAGAACGTAAAG-1,NK,0.9968796
CTGATACTAGTAGA-1,T cells,0.9999863
CTGATTTGGTGTTG-1,Mono,1.0
CTGCAGCTAACCGT-1,T cells,0.99995077
CTGCAGCTGACACT-1,T cells,0.99999857
CTGCAGCTGGATTC-1,Mono,1.0
CTGCAGCTTGGCAT-1,T cells,0.9999858
CTGCCAACAGGAGC-1,T cells,0.9999932
CTGCCAACCAGCTA-1,T cells,0.9999981
CTGCCAACTAACCG-1,Mono,1.0
CTGCCAACTGCTCC-1,T cells,0.99999225
CTGCCAACTTGCAG-1,T cells,0.9999876
CTGCCAACTTGCTT-1,T cells,0.99694806
CTGCGACTCCACCT-1,T cells,0.99778336
CTGGAAACAAACGA-1,T cells,0.99996066
CTGGAAACATCGAC-1,T cells,0.9999999
CTGGATGACTGGAT-1,T cells,0.9966156
CTGGATGACTTGTT-1,T cells,0.9968713
CTGGATGATGTGAC-1,B cells,0.9960723
CTGGCACTCAAGCT-1,Mono,1.0
CTGGCACTGGACAG-1,T cells,0.9862744
CTGTAACTAACCAC-1,T cells,1.0
CTGTAACTAGCGTT-1,T cells,0.9999994
CTGTATACGTAAAG-1,T cells,0.99996054
CTGTATACGTACGT-1,Mono,1.0
CTGTATACGTTGGT-1,T cells,0.9999987
CTGTGAGACAACCA-1,Mono,1.0
CTGTGAGACCTTGC-1,T cells,0.8744309
CTGTGAGACGAACT-1,Mono,1.0
CTGTGAGACTGTAG-1,Mono,1.0
CTTAAAGAACCTGA-1,T cells,0.9999982
CTTAACACCTGTAG-1,T cells,0.9999994
CTTAACACGAGCTT-1,T cells,1.0
CTTAACACTATCGG-1,B cells,0.99999154
CTTAAGCTACCTAG-1,T cells,0.99999964
CTTAAGCTAGTACC-1,T cells,0.9993604
CTTAAGCTCATCAG-1,T cells,0.99998033
CTTAAGCTCCGCTT-1,B cells,0.9999937
CTTAAGCTTCCTCG-1,T cells,0.9528881
CTTACAACTAACGC-1,T cells,1.0
CTTACAACTCCCGT-1,Mono,1.0
CTTACTGACGTACA-1,T cells,0.9999931
CTTAGACTAAACGA-1,T cells,0.9999999
CTTAGGGACTTGCC-1,T cells,0.9999999
CTTAGGGAGAATCC-1,T cells,0.9999685
CTTATCGACTCATT-1,T cells,1.0
CTTCACCTACCTGA-1,Mono,1.0
CTTCATGAAGCATC-1,B cells,0.9999975
CTTCATGAAGTACC-1,T cells,0.9999194
CTTCATGACCGAAT-1,NK,0.6371669
CTTGAACTACGCAT-1,T cells,0.999977
CTTGATTGAGGTTC-1,T cells,0.9999995
CTTGATTGATCTTC-1,Mono,0.9999993
CTTGATTGCATTCT-1,T cells,1.0
CTTGATTGTTTCGT-1,T cells,1.0
CTTGTATGACACCA-1,B cells,0.99999917
CTTGTATGCGCAAT-1,B cells,0.9998807
CTTTACGAGCGAAG-1,T cells,0.9941906
CTTTAGACCGTGAT-1,T cells,0.99759644
CTTTAGACGAGACG-1,T cells,0.9991259
CTTTAGACGATACC-1,T cells,0.9999999
CTTTAGACGTTGGT-1,T cells,0.99999964
CTTTAGACTCATTC-1,T cells,0.99593323
CTTTAGTGACGGGA-1,NK,0.99999607
CTTTAGTGGGTGGA-1,T cells,0.9999981
CTTTCAGAGAAACA-1,T cells,0.9999324
CTTTGATGAGCACT-1,T cells,0.99402785
CTTTGATGTCTAGG-1,T cells,0.67298615
CTTTGATGTGTCCC-1,T cells,0.999956
CTTTGATGTGTGGT-1,T cells,0.99999547
GAAACAGAACTACG-1,T cells,0.99969184
GAAACAGAATCACG-1,T cells,0.999995
GAAACAGACATTCT-1,T cells,0.9999987
GAAACCTGATCGTG-1,T cells,0.9999993
GAAACCTGATGCCA-1,T cells,0.9999995
GAAACCTGCTTATC-1,T cells,0.9999999
GAAACCTGGACTAC-1,Mono,1.0
GAAACCTGTGCTAG-1,T cells,0.9999988
GAAAGATGATTTCC-1,T cells,0.99998665
GAAAGATGCTGATG-1,Mono,1.0
GAAAGATGCTTCGC-1,Mono,1.0
GAAAGATGTAAGGA-1,T cells,0.98993593
GAAAGATGTTTGCT-1,T cells,0.99989676
GAAAGCCTACGTTG-1,B cells,0.99999917
GAAAGTGAAAGTGA-1,Mono,0.9999995
GAAAGTGACCACAA-1,Mono,1.0
GAAAGTGACTCAAG-1,T cells,0.99999607
GAAATACTACCAAC-1,Mono,0.9993405
GAAATACTCTTAGG-1,B cells,0.99999785
GAAATACTTCCTCG-1,T cells,0.999838
GAACACACGTGCAT-1,Mono,1.0
GAACACACTGCCTC-1,T cells,0.9999852
GAACAGCTAACTGC-1,Mono,1.0
GAACAGCTCTCAGA-1,Mono,1.0
GAACCAACCACAAC-1,T cells,0.7115917
GAACCAACTTCCGC-1,NK,0.99999833
GAACCTGAACGTGT-1,T cells,1.0
GAACCTGAGAGACG-1,T cells,0.99999976
GAACCTGATGAACC-1,T cells,0.99998415
GAACGGGATACTTC-1,T cells,0.99998164
GAACGTTGACGGAG-1,T cells,0.99543947
GAACTGTGACCTGA-1,Mono,1.0
GAACTGTGCCAGTA-1,Mono,1.0
GAAGAATGCAATCG-1,T cells,0.99998605
GAAGCGGACCTATT-1,Mono,1.0
GAAGCTACGAATGA-1,Mono,1.0
GAAGCTACGGTTTG-1,T cells,0.9999987
GAAGGGTGAAAGTG-1,T cells,1.0
GAAGGGTGCTTAGG-1,Mono,1.0
GAAGGTCTGAAAGT-1,T cells,0.99999917
GAAGGTCTGTTGCA-1,T cells,0.99999976
GAAGGTCTTAAAGG-1,Mono,0.9999989
GAAGTAGACTCCCA-1,NK,0.9888321
GAAGTAGATCCAAG-1,Mono,1.0
GAAGTCACCCTCGT-1,Mono,1.0
GAAGTCACCCTGTC-1,B cells,0.9999982
GAAGTCTGTCGCAA-1,B cells,1.0
GAAGTCTGTTCTGT-1,T cells,0.9996965
GAAGTGCTAAACGA-1,NK,0.9999999
GAAGTGCTCCGCTT-1,Mono,1.0
GAAGTGCTTAACCG-1,T cells,0.99996877
GAATGCACCCTAAG-1,T cells,0.9999999
GAATGCACCTTCGC-1,NK,0.99999785
GAATGCTGCGGTAT-1,T cells,0.9999999
GAATGGCTAAGATG-1,T cells,0.9948796
GAATTAACGATAAG-1,T cells,0.99999344
GAATTAACGGTCAT-1,T cells,0.999987
GAATTAACGTCGTA-1,NK,0.99758303
GAATTAACTGAAGA-1,B cells,0.9999796
GACAACACAGGCGA-1,T cells,0.99999857
GACAACACATCGTG-1,T cells,0.9999999
GACAACACTCGCCT-1,T cells,0.9999207
GACAACTGAGGTTC-1,T cells,0.9999999
GACAGGGAAGAGTA-1,B cells,0.999997
GACAGGGAATGCCA-1,T cells,0.99999654
GACAGTACGAGCTT-1,Mono,1.0
GACAGTACTTCGGA-1,Mono,1.0
GACAGTTGAGTAGA-1,B cells,1.0
GACATTCTCCACCT-1,Mono,1.0
GACCAAACGACTAC-1,Mono,1.0
GACCAAACGTATCG-1,Mono,1.0
GACCATGACTCTCG-1,Mono,0.99998605
GACCCTACTAAAGG-1,B cells,0.999998
GACCTAGACCTCAC-1,T cells,0.99848074
GACCTAGACGAGAG-1,T cells,0.99999285
GACCTCACAAGGTA-1,T cells,0.9999969
GACCTCACGTACGT-1,Mono,1.0
GACCTCTGCATCAG-1,T cells,0.9999999
GACGAACTCCCACT-1,T cells,0.9999995
GACGATTGCCAATG-1,B cells,0.99988735
GACGCCGACCTTCG-1,T cells,0.99999976
GACGCTCTCTCTCG-1,Platelet,0.99985695
GACGGCACACGGGA-1,NK,1.0
GACGGCACGAGATA-1,Mono,1.0
GACGTAACCTATGG-1,T cells,0.9999616
GACGTAACCTGTGA-1,T cells,1.0
GACGTAACTATGGC-1,T cells,0.9999999
GACGTATGTTGACG-1,T cells,0.9999999
GACGTATGTTTGCT-1,T cells,0.9999999
GACGTCCTACGGAG-1,T cells,0.99997246
GACGTCCTCTCAAG-1,Mono,1.0
GACGTCCTGATAAG-1,B cells,0.999992
GACTACGATGGTCA-1,B cells,0.9999988
GACTCCTGCTCGCT-1,T cells,0.99999917
GACTCCTGGGTTAC-1,T cells,0.9999995
GACTCCTGTTATCC-1,T cells,0.9997136
GACTCCTGTTGGTG-1,Mono,1.0
GACTGAACAACCGT-1,B cells,0.99822193
GACTGAACCAATCG-1,Mono,1.0
GACTGATGTGATGC-1,T cells,0.9999988
GACTTTACATGCCA-1,T cells,0.9999969
GACTTTACGACAGG-1,B cells,0.9970343
GAGAAATGTTCTCA-1,B cells,0.999908
GAGATAGAAAAAGC-1,Mono,1.0
GAGATCACGACAAA-1,Mono,0.99999976
GAGATGCTCTGGAT-1,T cells,0.6539378
GAGATGCTGAATGA-1,T cells,0.9999999
GAGCAGGATTCCCG-1,T cells,0.9997142
GAGCATACTTTGCT-1,Mono,0.999998
GAGCGCACGCGTAT-1,Mono,1.0
GAGCGCACGGTGAG-1,T cells,0.99998283
GAGCGCTGAAGATG-1,NK,0.9999789
GAGCGCTGTCTTAC-1,Mono,1.0
GAGCGGCTGGGAGT-1,B cells,0.999997
GAGGACGACTCAGA-1,T cells,0.999979
GAGGATCTGAAAGT-1,B cells,0.99688524
GAGGCAGACTTGCC-1,T cells,1.0
GAGGGAACACCAGT-1,T cells,0.99999416
GAGGGAACGAGGGT-1,T cells,0.99999785
GAGGGATGGGAAAT-1,T cells,0.9998029
GAGGGCCTTCACCC-1,T cells,0.99998856
GAGGGTGAAGAGTA-1,T cells,0.99999964
GAGGTACTACGGTT-1,T cells,0.9999999
GAGGTACTACTCAG-1,Mono,1.0
GAGGTACTGACACT-1,NK,0.99999964
GAGGTACTGGGAGT-1,T cells,0.99737525
GAGGTACTTAGCGT-1,Mono,1.0
GAGGTGGAGTACGT-1,T cells,0.9998702
GAGGTGGATCCTCG-1,NK,1.0
GAGGTTACTCGTTT-1,Mono,1.0
GAGGTTTGTAAGCC-1,Mono,0.99995875
GAGTCAACCATTCT-1,T cells,0.99687153
GAGTCAACGGGAGT-1,T cells,0.99998677
GAGTCTGATCGTGA-1,T cells,0.99999964
GAGTCTGATTTGGG-1,B cells,0.99993575
GAGTGACTCAGCTA-1,T cells,0.99999845
GAGTGACTCGGTAT-1,T cells,0.5265725
GAGTGACTCTTGCC-1,B cells,0.99999976
GAGTGACTGACTAC-1,B cells,0.9986118
GAGTGACTGTCTAG-1,T cells,0.9999995
GAGTGGGAGTCTTT-1,B cells,0.99999297
GAGTGGGATGCCCT-1,T cells,0.9999995
GAGTGGGATGCTGA-1,B cells,0.99999726
GAGTGTTGCTGTAG-1,T cells,0.9999994
GAGTGTTGTGGTCA-1,T cells,0.9994241
GAGTTGTGCATGGT-1,Mono,0.9999037
GAGTTGTGCTGAGT-1,T cells,0.99991894
GAGTTGTGGCGAGA-1,Mono,0.99999905
GAGTTGTGGTAGCT-1,Platelet,1.0
GAGTTGTGTATGCG-1,Mono,1.0
GATAAGGAGAAACA-1,Mono,0.9999989
GATAAGGATTCACT-1,Mono,1.0
GATACTCTATCGGT-1,T cells,0.9999989
GATACTCTTACTTC-1,T cells,0.9999641
GATACTCTTGACTG-1,Mono,1.0
GATAGAGAAGGGTG-1,T cells,1.0
GATAGAGACTGTGA-1,T cells,0.99999976
GATAGAGATCACGA-1,Mono,1.0
GATAGCACCCATAG-1,T cells,0.99999833
GATAGCACGAAGGC-1,Mono,1.0
GATAGCACTTGTCT-1,T cells,0.9999999
GATATAACAAGGTA-1,T cells,0.9999999
GATATAACACGCAT-1,T cells,0.9999937
GATATATGCTGGAT-1,T cells,0.9999883
GATATATGTCCGTC-1,T cells,0.9102307
GATATATGTGGAGG-1,Mono,1.0
GATATCCTAGAAGT-1,T cells,0.99999726
GATATCCTCCCGTT-1,Mono,0.99999666
GATATTGACAGGAG-1,T cells,0.99995804
GATATTGACGAGTT-1,Mono,1.0
GATATTGAGCCAAT-1,T cells,0.99999976
GATCCCTGACCTTT-1,NK,0.99999106
GATCCCTGTGTAGC-1,T cells,0.99999046
GATCCGCTGGTCAT-1,Mono,1.0
GATCGAACCGAGAG-1,T cells,1.0
GATCGATGACTAGC-1,B cells,0.99942017
GATCGATGGTAAAG-1,B cells,0.99997056
GATCGATGTAAGGA-1,Mono,1.0
GATCGTGACACTAG-1,T cells,0.9999989
GATCGTGATTCACT-1,T cells,0.99998665
GATCTACTGGTGAG-1,T cells,0.9988176
GATCTACTTTGCAG-1,B cells,0.9999994
GATCTTACACCCAA-1,Mono,1.0
GATCTTACCCTACC-1,T cells,1.0
GATCTTACGAATAG-1,Mono,1.0
GATCTTACGAGATA-1,Mono,1.0
GATGCAACTCCAGA-1,T cells,0.9999907
GATGCCCTACGTAC-1,T cells,0.95015275
GATGCCCTCTCATT-1,T cells,0.9999925
GATGCCCTGGCAAG-1,Mono,1.0
GATGCCCTTTTGCT-1,T cells,0.9973775
GATTACCTTGTTCT-1,T cells,0.99999964
GATTCGGAACGACT-1,T cells,0.9999981
GATTCGGACAGGAG-1,Mono,1.0
GATTCGGAGAAGGC-1,Mono,1.0
GATTCTTGATTCGG-1,Mono,1.0
GATTCTTGCCGATA-1,T cells,0.9999976
GATTCTTGCGAGTT-1,B cells,0.9998822
GATTGGACCCGTTC-1,B cells,0.9994487
GATTGGACGGTGTT-1,B cells,0.9999988
GATTGGACTTTCGT-1,B cells,0.9999889
GATTGGTGTGTCAG-1,T cells,1.0
GATTTAGACACTCC-1,Mono,1.0
GATTTAGACTAAGC-1,B cells,1.0
GATTTAGATTCGTT-1,Mono,0.99987125
GATTTGCTAACGAA-1,T cells,0.999987
GATTTGCTAACGGG-1,Mono,0.99993587
GCAACCCTCCTCGT-1,Mono,0.99996936
GCAACTGATTGCGA-1,T cells,0.9999993
GCAAGACTACTGGT-1,T cells,1.0
GCAAGACTAGGTCT-1,T cells,0.99999976
GCAAGACTCCCTTG-1,T cells,1.0
GCAATCGACTGCAA-1,T cells,0.99999964
GCAATCGAGACGTT-1,Mono,1.0
GCAATCGATCCTTA-1,Mono,1.0
GCAATTCTCGTGTA-1,T cells,0.9998159
GCAATTCTTCTCCG-1,T cells,0.99999475
GCACAAACAATGCC-1,T cells,0.9414528
GCACAAACGGTACT-1,T cells,0.9999995
GCACAATGGTGCAT-1,Mono,1.0
GCACACCTGTGCTA-1,NK,0.92814213
GCACCACTCATGAC-1,Mono,1.0
GCACCACTGTTTGG-1,Mono,0.99991465
GCACCACTTCCTTA-1,NK,0.9938791
GCACCACTTTCGGA-1,Mono,1.0
GCACCTACGCGATT-1,T cells,1.0
GCACCTTGGCTGTA-1,T cells,0.9999944
GCACCTTGGGGAGT-1,Mono,1.0
GCACGGACCAGCTA-1,T cells,1.0
GCACGGTGACCTCC-1,T cells,1.0
GCACGGTGCTATGG-1,Mono,1.0
GCACTAGAACGGGA-1,T cells,0.9999974
GCACTAGAAGATGA-1,B cells,0.9999962
GCACTAGACCTTTA-1,Mono,1.0
GCACTAGACGTAAC-1,B cells,0.9993449
GCACTAGAGTCGTA-1,NK,0.9999951
GCACTAGATGCAAC-1,T cells,1.0
GCACTGCTGAGGCA-1,T cells,0.9999999
GCAGATACAGCGTT-1,T cells,0.99994326
GCAGATACGACGGA-1,T cells,0.9999975
GCAGATACGCAGAG-1,T cells,0.99999976
GCAGCCGACAGTCA-1,T cells,0.9999999
GCAGCGTGCACTCC-1,T cells,0.99999774
GCAGCTCTCAATCG-1,T cells,0.9999502
GCAGCTCTGTTTCT-1,T cells,0.99996996
GCAGGGCTAAGAAC-1,T cells,0.9999969
GCAGGGCTAAGGGC-1,T cells,0.9999944
GCAGGGCTATCGAC-1,NK,0.9833836
GCAGGGCTTGGGAG-1,T cells,0.9951833
GCAGTCCTAACTGC-1,T cells,0.999987
GCAGTCCTCTCTTA-1,T cells,0.9993019
GCATCAGATGCGTA-1,T cells,0.999905
GCATGTGACAAGCT-1,T cells,0.9999931
GCATTGGAGAAGGC-1,T cells,0.9999999
GCCAAAACGAGGCA-1,T cells,0.9999988
GCCAAATGATCGAC-1,T cells,0.99999917
GCCAACCTACGGTT-1,T cells,0.99999666
GCCAACCTCGCCTT-1,T cells,0.9999635
GCCACGGAGGCGAA-1,Mono,1.0
GCCACGGATACTGG-1,T cells,0.99957925
GCCACTACCTACTT-1,B cells,0.9999982
GCCACTACGTCTTT-1,T cells,0.99999857
GCCCAACTACCGAT-1,T cells,1.0
GCCCAACTATGGTC-1,T cells,0.9999999
GCCCATACAGCGTT-1,T cells,0.99994004
GCCGACGAACTCTT-1,Mono,1.0
GCCGAGTGCGTTGA-1,T cells,0.99999416
GCCGGAACGAACTC-1,T cells,0.99999034
GCCGGAACGTTCTT-1,NK,0.9999863
GCCGGAACTGCACA-1,NK,0.99832326
GCCGGAACTTACTC-1,T cells,0.99842465
GCCGTACTACCTGA-1,T cells,0.99999964
GCCGTACTGGCAAG-1,Mono,1.0
GCCTACACAGTTCG-1,NK,0.99716127
GCCTACACCACTGA-1,Mono,1.0
GCCTACACCTTGAG-1,T cells,0.9999993
GCCTAGCTACGGAG-1,B cells,0.99999547
GCCTAGCTCTATTC-1,T cells,1.0
GCCTAGCTTCTCAT-1,T cells,0.99997914
GCCTAGCTTCTCTA-1,Mono,1.0
GCCTCAACCATGGT-1,T cells,0.99999964
GCCTCAACTCTTTG-1,T cells,0.9999995
GCCTCATGTCTTAC-1,T cells,0.99999976
GCCTGACTCTCAAG-1,Mono,1.0
GCGAAGGAACTCTT-1,NK,0.9195497
GCGAAGGAGAGCTT-1,T cells,0.9999994
GCGAAGGATGCCAA-1,T cells,0.99999976
GCGAGAGAGGGACA-1,T cells,0.99965096
GCGAGCACTGTCGA-1,B cells,0.958578
GCGAGCACTTGACG-1,T cells,0.99999976
GCGAGCACTTGCTT-1,Mono,1.0
GCGATATGGTACGT-1,T cells,0.99999464
GCGATATGGTGTTG-1,T cells,0.97067386
GCGCACGAAGTCGT-1,T cells,0.9999993
GCGCACGACTTTAC-1,Mono,1.0
GCGCATCTAGGTCT-1,T cells,0.99986994
GCGCATCTGGTTAC-1,Platelet,0.99173474
GCGCATCTTCGATG-1,T cells,0.9998449
GCGCATCTTGCTCC-1,NK,0.999998
GCGCATCTTTCTAC-1,T cells,0.9999988
GCGCGAACGTTCTT-1,B cells,0.99997616
GCGCGATGAACGGG-1,T cells,0.9999999
GCGCGATGGTGCAT-1,NK,0.9993173
GCGGAGCTCCTGAA-1,T cells,0.9999902
GCGGCAACCCGATA-1,T cells,0.9999975
GCGGCAACGGAGGT-1,B cells,0.9998572
GCGGCAACTGTCGA-1,Mono,0.9999511
GCGTAAACACGGTT-1,Mono,0.9999995
GCGTAATGCACCAA-1,Mono,1.0
GCGTATGAACACCA-1,T cells,0.9999995
GCGTATGATGAGAA-1,Mono,1.0
GCTACAGAAAGGTA-1,T cells,0.9999999
GCTACAGAATCTTC-1,B cells,0.98367876
GCTACAGATCTTAC-1,T cells,0.9999392
GCTACCTGAGAAGT-1,Mono,1.0
GCTACCTGATCACG-1,T cells,0.9999999
GCTACGCTAGAATG-1,T cells,0.999998
GCTACGCTAGCTAC-1,T cells,0.9999976
GCTACGCTCCCTAC-1,T cells,0.9999989
GCTAGAACAGAGGC-1,B cells,0.999987
GCTAGAACGGATCT-1,T cells,0.9999875
GCTAGAACTCCCGT-1,T cells,0.9999653
GCTAGATGAGCTCA-1,Mono,1.0
GCTAGATGGCGATT-1,T cells,0.9905426
GCTATACTAAGGCG-1,T cells,1.0
GCTATACTAGCGTT-1,NK,0.96958536
GCTATACTCTCTTA-1,T cells,0.99999833
GCTATACTGGACGA-1,T cells,0.99995863
GCTCAAGAACCATG-1,Mono,0.9999999
GCTCAAGAAGTCAC-1,Mono,1.0
GCTCAGCTGTCTAG-1,T cells,0.9990563
GCTCCATGAGAAGT-1,T cells,0.99962175
GCTCCATGCCGAAT-1,T cells,0.9999958
GCTCGACTCTAGTG-1,Mono,0.9999999
GCTGATGAGGTATC-1,Mono,1.0
GCTTAACTACAGTC-1,Mono,0.9999939
GCTTAACTACTGGT-1,T cells,0.9999981
GCTTAACTGCTGAT-1,T cells,0.99997866
GCTTAACTTAGACC-1,Mono,0.99999774
GCTTAACTTCAGTG-1,T cells,0.99999905
GGAACACTCACTTT-1,Mono,0.99992347
GGAACACTTCAGAC-1,Platelet,0.9998324
GGAACTACTACTTC-1,T cells,0.99997973
GGAACTTGAAGGTA-1,Mono,1.0
GGAACTTGAGAATG-1,T cells,0.99995816
GGAACTTGCTCCAC-1,Mono,1.0
GGAACTTGGGTAGG-1,B cells,0.9999852
GGAAGGACATCGGT-1,Mono,0.9999999
GGAAGGACCACTAG-1,T cells,0.9999994
GGAAGGACGAGGGT-1,T cells,0.9999995
GGAAGGACGCGAAG-1,T cells,0.9999871
GGAAGGTGGCGAGA-1,NK,0.99999964
GGAATCTGAAGGGC-1,T cells,0.99977833
GGAATCTGAGGAGC-1,T cells,0.9999999
GGAATCTGCTTAGG-1,B cells,0.9999672
GGAATCTGCTTGTT-1,Mono,1.0
GGAATCTGGGAGGT-1,T cells,0.9999999
GGAATGCTTTCTAC-1,T cells,1.0
GGACAGGAAAGGGC-1,T cells,0.9763223
GGACAGGAGTGCTA-1,B cells,0.9999999
GGACAGGATCTCGC-1,T cells,0.9977271
GGACCCGAAGCTAC-1,Mono,1.0
GGACCGTGCTTACT-1,Mono,1.0
GGACCGTGGGAACG-1,Mono,1.0
GGACCGTGTAACGC-1,T cells,0.99999976
GGACCTCTGTAAGA-1,Mono,1.0
GGACCTCTTTTCTG-1,T cells,0.9997396
GGACGAGAGTGTCA-1,Mono,0.9999958
GGACGCTGACGCAT-1,T cells,0.89302015
GGACGCTGCTAGCA-1,T cells,0.99999905
GGACGCTGTCCTCG-1,NK,0.99998665
GGAGAGACGTGAGG-1,B cells,0.9979527
GGAGCAGATTCAGG-1,B cells,0.99836844
GGAGCCACCTTCTA-1,B cells,1.0
GGAGCGCTACGCAT-1,Mono,1.0
GGAGCGCTCCGAAT-1,T cells,0.99999976
GGAGGATGCCACCT-1,T cells,0.99999547
GGAGGATGGTTGAC-1,Mono,0.9999995
GGAGGATGTCAGTG-1,Mono,1.0
GGAGGCCTCGTTGA-1,T cells,0.99656016
GGAGGCCTTTCTTG-1,T cells,0.999979
GGAGGTGATACGCA-1,T cells,0.9999999
GGAGGTGATCGCTC-1,T cells,0.9999999
GGATACTGCAGCTA-1,T cells,0.99792
GGATACTGTCTAGG-1,T cells,0.9999969
GGATAGCTCGTCTC-1,T cells,0.9999988
GGATAGCTCTGAAC-1,T cells,0.9752348
GGATGTACCAAAGA-1,B cells,0.9999938
GGATGTACGCGAAG-1,T cells,0.99983203
GGATGTACGTCTTT-1,Mono,0.99960667
GGATGTACGTGTCA-1,T cells,0.99999607
GGATTTCTAGGTTC-1,T cells,0.9999522
GGATTTCTTTGTCT-1,Mono,1.0
GGCAAGGAAAAAGC-1,NK,0.9850522
GGCAAGGAAGAAGT-1,T cells,0.9999956
GGCAAGGACTTGGA-1,Mono,1.0
GGCAAGGAGGACTT-1,T cells,1.0
GGCAATACGCTAAC-1,B cells,0.9998878
GGCAATACGGCATT-1,NK,0.9148021
GGCAATACGTTTCT-1,B cells,1.0
GGCACGTGGCTTAG-1,Mono,1.0
GGCACGTGTGAGAA-1,B cells,0.99999976
GGCACTCTTTTGTC-1,T cells,0.9999982
GGCATATGCTTATC-1,NK,0.86110353
GGCATATGGGGAGT-1,Platelet,0.99919707
GGCATATGTGTGAC-1,T cells,0.9993247
GGCCACGACAGAGG-1,T cells,0.9993642
GGCCAGACTGGTTG-1,T cells,0.9999943
GGCCCAGAAAGTAG-1,Mono,1.0
GGCCGAACAACGAA-1,T cells,0.9999994
GGCCGAACGCAGAG-1,T cells,0.9996942
GGCCGAACGTAGGG-1,T cells,0.9999981
GGCCGAACTCTAGG-1,NK,0.9999968
GGCCGATGCAGGAG-1,T cells,0.99997425
GGCCGATGCCGAAT-1,T cells,0.99999976
GGCCGATGTACTCT-1,T cells,0.99999344
GGCGACACTGCCCT-1,NK,0.9545907
GGCGACTGCGTAAC-1,T cells,1.0
GGCGCATGCCTAAG-1,Mono,0.99999726
GGCGCATGCTCCAC-1,T cells,0.9999994
GGCGCATGTGGAAA-1,T cells,0.99991965
GGCGGACTAGAGGC-1,T cells,0.9999906
GGCGGACTAGGAGC-1,T cells,0.999966
GGCGGACTCTGACA-1,T cells,0.9999858
GGCGGACTCTTGGA-1,T cells,0.99999905
GGCGGACTTACTGG-1,T cells,0.99999905
GGCGGACTTGAACC-1,T cells,0.9999994
GGCTAAACACCTGA-1,NK,0.97161883
GGCTAAACTCTTAC-1,T cells,0.9999889
GGCTAATGAGCACT-1,T cells,0.99996483
GGCTAATGGTCTAG-1,T cells,0.99999905
GGCTCACTACTCAG-1,Mono,1.0
GGGAACGAAGCTCA-1,Mono,1.0
GGGAACGACACAAC-1,B cells,0.99999046
GGGAACGAGTGTCA-1,Mono,0.99999714
GGGAAGTGTTGAGC-1,Mono,1.0
GGGACCACACGTTG-1,T cells,0.99999976
GGGACCACAGAACA-1,T cells,0.99999356
GGGACCACGAATAG-1,T cells,0.9999968
GGGACCACGTCATG-1,T cells,0.9999999
GGGACCACTCAAGC-1,T cells,0.9999411
GGGACCACTCGTGA-1,T cells,0.9999914
GGGACCACTGCATG-1,T cells,0.9997342
GGGACCTGACCCTC-1,Mono,1.0
GGGACCTGCTTGCC-1,T cells,0.99998116
GGGACCTGTGGAGG-1,B cells,0.9999975
GGGATGGACGACAT-1,B cells,0.99232095
GGGATGGATACTTC-1,T cells,0.9999993
GGGATGGATGGTTG-1,Mono,1.0
GGGATTACGTCTAG-1,T cells,0.99999845
GGGCAAGATGCATG-1,Mono,1.0
GGGCACACGGTGAG-1,Mono,0.99999666
GGGCACACGTTGCA-1,T cells,0.99999607
GGGCAGCTTGGGAG-1,T cells,0.99994993
GGGCAGCTTTTCTG-1,T cells,0.9997253
GGGCCAACCTTGGA-1,Mono,0.99993885
GGGCCAACGCGTTA-1,B cells,0.99986076
GGGCCAACTACGCA-1,Mono,0.99999964
GGGCCAACTCCAAG-1,B cells,0.99999976
GGGCCATGATGGTC-1,T cells,0.99969745
GGGCCATGTTGACG-1,T cells,1.0
GGGTAACTCAGCTA-1,T cells,0.9999994
GGGTAACTCTAGTG-1,B cells,0.99999607
GGGTAACTCTGGAT-1,T cells,0.99999285
GGGTTAACGTGCAT-1,NK,0.9999769
GGTAAAGAGCTAAC-1,T cells,0.99999976
GGTACAACTGCAAC-1,T cells,0.9999995
GGTACATGAAAGCA-1,B cells,0.9999745
GGTACATGAGCTCA-1,T cells,0.99998736
GGTACATGCGGTAT-1,T cells,0.99999774
GGTACATGGTTACG-1,T cells,0.99999905
GGTACATGTGGGAG-1,T cells,0.9999989
GGTACTGAACTCTT-1,Mono,1.0
GGTAGTACACCACA-1,T cells,0.99994886
GGTAGTACACTAGC-1,Mono,0.99999976
GGTAGTACCCTGTC-1,T cells,0.9995061
GGTAGTACGCCATA-1,Mono,0.9999999
GGTAGTACTGTCTT-1,T cells,0.99999976
GGTATCGAGACAAA-1,Mono,0.99955565
GGTATCGATGAACC-1,B cells,0.99997616
GGTCAAACCAAAGA-1,T cells,0.9999999
GGTCTAGAGAAACA-1,Mono,1.0
GGTCTAGATAGCGT-1,Mono,1.0
GGTGATACCGACTA-1,B cells,0.99999976
GGTGATACGACTAC-1,Mono,1.0
GGTGATACTGTTTC-1,T cells,0.99999917
GGTGGAGAAACGGG-1,NK,0.9987729
GGTGGAGAAGTAGA-1,T cells,0.9999896
GGTGGAGACAGATC-1,NK,0.99983025
GGTGGAGATCGATG-1,T cells,0.99996877
GGTGGAGATCTCTA-1,Mono,1.0
GGTGGAGATTACTC-1,T cells,0.9999596
GGTTTACTACGCAT-1,T cells,0.99984
GTAACGTGACCTCC-1,Mono,1.0
GTAACGTGATCGGT-1,B cells,0.9999962
GTAACGTGCAGCTA-1,B cells,0.99999964
GTAACGTGGTTGAC-1,B cells,0.99999046
GTAAGCACAACGGG-1,T cells,0.9999995
GTAAGCACTCATTC-1,B cells,0.9999201
GTAAGCTGGTACCA-1,Mono,1.0
GTAATAACCTTCTA-1,Mono,1.0
GTAATAACGTTGTG-1,T cells,0.99999905
GTACCCTGACAGTC-1,Mono,1.0
GTACCCTGGAGCTT-1,T cells,0.999997
GTACCCTGTCCTTA-1,NK,0.97170144
GTACCCTGTGAACC-1,T cells,0.99999785
GTACGTGAACGTTG-1,T cells,0.9999982
GTACTTTGTCGACA-1,T cells,0.999995
GTAGACTGAGATGA-1,Mono,1.0
GTAGACTGTATTCC-1,T cells,0.9999969
GTAGCAACAGTCGT-1,Mono,1.0
GTAGCAACCATTTC-1,B cells,0.9999683
GTAGCAACGGTAGG-1,Mono,0.9999945
GTAGCATGCACTCC-1,B cells,0.9999945
GTAGCATGTAAGCC-1,Mono,1.0
GTAGCCCTGACGTT-1,T cells,0.9999995
GTAGCTGAAGCTAC-1,Mono,1.0
GTAGCTGAATTCGG-1,T cells,0.9999939
GTAGGTACACGGGA-1,Mono,1.0
GTAGTGACCTCATT-1,T cells,0.99999857
GTAGTGTGAGCGGA-1,NK,0.999997
GTAGTGTGAGGCGA-1,Mono,0.9999989
GTAGTGTGTGGTTG-1,T cells,0.99995065
GTATCACTGGTAGG-1,Mono,1.0
GTATCTACAGAAGT-1,T cells,1.0
GTATCTACGACGAG-1,T cells,0.9999887
GTATCTACGTTACG-1,T cells,0.9999951
GTATTAGAAACAGA-1,T cells,0.99995923
GTATTAGAGGTCTA-1,T cells,0.999974
GTATTCACACAGCT-1,T cells,0.9999994
GTATTCACGGGTGA-1,NK,0.98491096
GTCAACGACACTGA-1,T cells,0.99999905
GTCAACGAGTGTAC-1,Mono,1.0
GTCAACGATCAGGT-1,T cells,0.9944997
GTCAATCTACACCA-1,T cells,0.9999893
GTCAATCTGTAGCT-1,T cells,0.9999995
GTCAATCTTGTGGT-1,T cells,0.9999999
GTCACCTGCCTCCA-1,T cells,0.9999989
GTCACCTGTCCCGT-1,T cells,0.99999964
GTCATACTAATCGC-1,B cells,0.99960846
GTCATACTGCGATT-1,T cells,0.9999988
GTCATACTTCGCCT-1,Platelet,0.9999844
GTCATACTTTACCT-1,T cells,0.99981505
GTCATACTTTGACG-1,T cells,0.99999774
GTCCAAGAAAAACG-1,T cells,0.99999976
GTCCACTGACCTCC-1,T cells,0.99999917
GTCCACTGGGTACT-1,Mono,1.0
GTCCAGCTACGGGA-1,T cells,0.9999999
GTCCCATGTGGTGT-1,Mono,1.0
GTCGAATGAAGGCG-1,Mono,1.0
GTCGACCTGAATGA-1,NK,0.99999857
GTCGACCTGTTCAG-1,T cells,0.99999833
GTCGCACTTGAGAA-1,B cells,1.0
GTCTAACTGGTCTA-1,Mono,1.0
GTCTAGGAGCTTCC-1,Mono,1.0
GTGAACACACTCTT-1,T cells,0.99951243
GTGAACACAGATCC-1,T cells,0.99981314
GTGAACACTCAGGT-1,T cells,0.9999944
GTGACCCTTAAGCC-1,T cells,0.99993074
GTGATGACAAGTGA-1,T cells,0.9999994
GTGATGACCTGAGT-1,B cells,0.9999665
GTGATGACGGTTTG-1,T cells,0.83950573
GTGATTCTCATTTC-1,T cells,0.9999943
GTGATTCTCTCTCG-1,Mono,1.0
GTGATTCTGGTTCA-1,NK,0.99999917
GTGATTCTGTCGAT-1,T cells,0.9999988
GTGATTCTTAGCGT-1,B cells,0.99993837
GTGCCACTCAGGAG-1,T cells,0.99999666
GTGGATTGCACTAG-1,Mono,1.0
GTGGATTGCGGAGA-1,T cells,1.0
GTGGATTGTAACGC-1,T cells,0.99999535
GTGTACGATCAGTG-1,T cells,0.9999989
GTGTAGTGGGTACT-1,T cells,0.9999821
GTGTATCTAGCCTA-1,B cells,0.9999962
GTGTATCTAGTAGA-1,T cells,0.9999994
GTGTATCTGTTACG-1,B cells,0.99999654
GTGTCAGAAGCGTT-1,T cells,0.999998
GTGTCAGAATGCTG-1,T cells,0.9984773
GTTAAAACCGAGAG-1,NK,0.99999964
GTTAAAACTTCGCC-1,T cells,0.89534175
GTTAAATGCTCGAA-1,T cells,0.9999976
GTTAAATGTCGACA-1,B cells,1.0
GTTAACCTAGCTAC-1,T cells,0.99997985
GTTAACCTTGCTTT-1,Mono,1.0
GTTAGGTGCACTCC-1,T cells,0.99970514
GTTAGGTGCCAGTA-1,Mono,1.0
GTTAGGTGCCCAAA-1,Mono,1.0
GTTAGGTGGAACTC-1,B cells,0.99999416
GTTAGTCTAAGAAC-1,NK,0.9940824
GTTATAGAGGACAG-1,T cells,0.9998528
GTTATGCTTTCATC-1,T cells,0.99992144
GTTCAACTGGGACA-1,T cells,0.8024334
GTTCAACTTATGCG-1,T cells,0.99999976
GTTGACGAGCCCTT-1,T cells,0.9999417
GTTGACGATATCGG-1,NK,0.9999982
GTTGAGTGGTCTTT-1,Mono,1.0
GTTGAGTGTGCTTT-1,T cells,0.99999976
GTTGATCTGGGACA-1,T cells,0.88798785
GTTGATCTTTTCAC-1,T cells,0.9950256
GTTGGATGTTTACC-1,Mono,1.0
GTTGTACTATTCCT-1,Mono,1.0
GTTGTACTTTTGGG-1,T cells,0.99993134
GTTTAAGACCATGA-1,Mono,1.0
GTTTAAGACTGTCC-1,T cells,0.999998
TAAACAACCAACCA-1,T cells,0.9999999
TAAACAACGAATCC-1,B cells,0.9999999
TAAAGACTCAGGAG-1,T cells,0.99999523
TAAATCGATGAGGG-1,T cells,0.9999993
TAACAATGTGCCCT-1,B cells,0.9999951
TAACACCTTCGCTC-1,Mono,1.0
TAACACCTTCGTAG-1,Mono,1.0
TAACACCTTGTTTC-1,Platelet,0.9999894
TAACATGACACTAG-1,B cells,0.9881003
TAACCGGACTTACT-1,T cells,0.9999938
TAACGTCTCAACCA-1,Mono,1.0
TAACGTCTCATTGG-1,T cells,0.99999964
TAACTAGAATTTCC-1,T cells,0.9999993
TAACTAGACTTAGG-1,T cells,0.9999993
TAACTAGATCTGGA-1,T cells,0.99999964
TAACTCACGAGGAC-1,Mono,1.0
TAACTCACGTACAC-1,B cells,0.999998
TAACTCACGTATCG-1,Mono,1.0
TAACTCACTCTACT-1,NK,0.9930748
TAAGAACTGTGTCA-1,Mono,0.9999999
TAAGAGGACTAAGC-1,B cells,0.9999572
TAAGAGGACTTGTT-1,NK,0.9997217
TAAGATACCCACAA-1,T cells,0.99996567
TAAGATACGGTTCA-1,Mono,0.99999976
TAAGATTGCGTAGT-1,T cells,0.99999976
TAAGATTGTTGCTT-1,T cells,0.9999988
TAAGCGTGAGGTTC-1,Mono,1.0
TAAGCGTGGACAAA-1,Mono,1.0
TAAGCGTGGGAAAT-1,T cells,0.9999988
TAAGCGTGTGCTCC-1,Mono,1.0
TAAGGCTGCCATGA-1,T cells,0.9998062
TAAGGCTGCTGCTC-1,T cells,0.99999857
TAAGGCTGTCTCGC-1,Mono,1.0
TAAGGGCTGCTGTA-1,T cells,0.9999957
TAAGGGCTTTACTC-1,T cells,0.9999976
TAAGTAACCGAGAG-1,B cells,0.99921536
TAAGTAACCTCCAC-1,B cells,0.9999931
TAAGTAACCTGTAG-1,T cells,0.9999999
TAAGTAACTTGTCT-1,T cells,0.9999933
TAATGATGAGCGGA-1,T cells,1.0
TAATGCCTCATGAC-1,T cells,1.0
TAATGCCTCGTCTC-1,NK,0.9999943
TAATGTGAAGATGA-1,T cells,0.9999882
TAATGTGACTGCAA-1,Mono,1.0
TAATGTGATTACTC-1,T cells,0.9999918
TACAAATGGGTACT-1,T cells,0.9999989
TACAATGAAAACAG-1,Mono,1.0
TACAATGACTTAGG-1,T cells,0.9999958
TACAATGATGCTAG-1,T cells,0.9991351
TACACACTCACACA-1,T cells,1.0
TACACACTCTTACT-1,T cells,0.9999801
TACATAGAACGCAT-1,T cells,0.9999833
TACATCACACGGGA-1,T cells,0.99727756
TACATCACCTGTTT-1,Mono,1.0
TACATCACGCTAAC-1,B cells,0.9999964
TACATCACTGAACC-1,Mono,1.0
TACCATTGAGGTTC-1,T cells,0.99963605
TACCATTGCGGGAA-1,Mono,0.9999999
TACCATTGGGGATG-1,Mono,0.99999964
TACCATTGTGAGGG-1,Mono,0.9999988
TACCGGCTGTTGGT-1,T cells,0.99999726
TACGAGTGATCTCT-1,T cells,0.9999993
TACGAGTGATGCTG-1,Mono,1.0
TACGAGTGCGGAGA-1,T cells,0.99999976
TACGAGTGGTTGGT-1,T cells,0.99999905
TACGATCTAGTGTC-1,T cells,0.99999225
TACGATCTCACTGA-1,Mono,1.0
TACGATCTTACGAC-1,T cells,0.9993942
TACGCAGACGTCTC-1,B cells,0.8458963
TACGCAGAGAATCC-1,NK,0.99996364
TACGCCACATTCCT-1,T cells,0.99962115
TACGCCACTCCCAC-1,Mono,1.0
TACGCCACTCCGAA-1,B cells,0.9999927
TACGCGCTCTTCTA-1,T cells,0.92165184
TACGGAACGCGTTA-1,B cells,0.9999864
TACGGCCTGGGACA-1,NK,0.9998211
TACGGCCTGTCCTC-1,T cells,0.999866
TACGTACTACGGAG-1,T cells,0.9999999
TACGTACTCAGTTG-1,T cells,1.0
TACGTACTCCCGTT-1,B cells,0.99999523
TACGTTACAGAAGT-1,T cells,0.9999994
TACGTTACCAAGCT-1,Mono,1.0
TACTAAGAAAGGTA-1,B cells,0.99982905
TACTAAGAATCACG-1,T cells,0.9999807
TACTAAGATGATGC-1,Mono,1.0
TACTAAGATTGCGA-1,T cells,0.99999964
TACTACACGAGAGC-1,T cells,0.9999982
TACTACACTTACCT-1,B cells,0.9589864
TACTACTGAACCTG-1,Mono,1.0
TACTACTGATGTCG-1,T cells,0.9999999
TACTACTGATTCTC-1,T cells,0.99999905
TACTACTGTATGGC-1,T cells,0.99999714
TACTCAACGGTCTA-1,Mono,1.0
TACTCAACTGCTAG-1,B cells,0.9999995
TACTCCCTCAGTTG-1,T cells,0.99993956
TACTCTGAATCGAC-1,NK,0.9999763
TACTCTGACGAGTT-1,T cells,0.99999845
TACTCTGATTGACG-1,B cells,0.99999857
TACTGGGATCGATG-1,T cells,0.99999905
TACTGTTGAAAGCA-1,T cells,0.99999976
TACTGTTGAGGCGA-1,NK,0.9999999
TACTGTTGCTGAAC-1,B cells,0.99998295
TACTTGACTCCTCG-1,NK,0.67573714
TACTTGACTGGTGT-1,B cells,0.9999896
TACTTTCTTTTGGG-1,T cells,0.99993396
TAGAAACTAATCGC-1,T cells,0.99999964
TAGAAACTGCTTCC-1,Mono,1.0
TAGAAACTGGGATG-1,T cells,0.99472976
TAGAATTGCGACAT-1,T cells,0.9995455
TAGAATTGTATCGG-1,T cells,0.9999994
TAGACGTGCTTGAG-1,T cells,0.9999902
TAGACGTGTCGCTC-1,T cells,0.99998105
TAGAGCACCTTACT-1,B cells,0.9999938
TAGATTGACTTGTT-1,B cells,0.99999547
TAGATTGAGGCATT-1,NK,0.68617
TAGCATCTCAGCTA-1,NK,0.9999106
TAGCATCTCCCTCA-1,NK,0.8160116
TAGCATCTGCTGTA-1,Mono,1.0
TAGCATCTGGGACA-1,T cells,0.9999939
TAGCATCTTGTCGA-1,T cells,0.99999046
TAGCCCACAAAAGC-1,T cells,1.0
TAGCCCACAGCCAT-1,T cells,0.9994561
TAGCCCACAGCTAC-1,NK,0.99999547
TAGCCCACCCACAA-1,T cells,0.99994075
TAGCCCTGCGGAGA-1,T cells,0.9999999
TAGCCGCTTACGAC-1,T cells,0.9999975
TAGCCGCTTACTTC-1,T cells,0.9999747
TAGCCGCTTTCCAT-1,Mono,1.0
TAGCTACTGAATAG-1,B cells,0.9999957
TAGCTACTGTAGCT-1,T cells,0.9999924
TAGCTACTTTTGCT-1,T cells,0.99892837
TAGGACTGTGCTGA-1,T cells,0.9999678
TAGGAGCTAAGGCG-1,B cells,0.99999535
TAGGAGCTGAGGGT-1,T cells,0.9999987
TAGGAGCTTGCATG-1,B cells,0.9999565
TAGGCAACCGTCTC-1,B cells,0.99997354
TAGGCATGCTCTCG-1,T cells,1.0
TAGGCATGGCGAGA-1,T cells,0.99852484
TAGGCTGATGCCTC-1,Mono,1.0
TAGGGACTGAACTC-1,NK,0.99919206
TAGGTCGACACTGA-1,T cells,0.9999995
TAGGTCGAGGATCT-1,B cells,0.9999026
TAGGTGACACACTG-1,T cells,0.99999917
TAGGTGACACGTTG-1,B cells,0.9999938
TAGGTGTGTTCTGT-1,T cells,0.9170411
TAGGTTCTGAAGGC-1,T cells,1.0
TAGGTTCTTCTTAC-1,Mono,1.0
TAGGTTCTTGCTGA-1,Mono,1.0
TAGTAAACCTCGCT-1,T cells,1.0
TAGTAAACGTCACA-1,T cells,0.99995935
TAGTAATGAGATCC-1,T cells,0.9999919
TAGTACCTAAGAAC-1,Mono,1.0
TAGTATGATCTTAC-1,B cells,0.99994755
TAGTATGATTCTCA-1,T cells,0.99976784
TAGTCTTGGCTGTA-1,T cells,0.9996018
TAGTCTTGGGACTT-1,T cells,0.9996587
TAGTCTTGTGGAAA-1,T cells,0.8515966
TAGTGGTGAAGTGA-1,NK,0.9993224
TAGTTAGAACCACA-1,NK,0.99999344
TAGTTAGATGAACC-1,T cells,0.999209
TATAAGACAACAGA-1,T cells,0.99950445
TATAAGACAGCTCA-1,Mono,1.0
TATAAGTGACACCA-1,Mono,1.0
TATAAGTGTATCGG-1,Mono,0.9999949
TATAAGTGTGGTGT-1,Mono,1.0
TATACAGAACCCTC-1,T cells,0.9999261
TATACAGAAGAACA-1,T cells,0.99999964
TATACAGATCCAGA-1,T cells,0.99999976
TATACCACCTGATG-1,B cells,0.99999666
TATACGCTACCAAC-1,T cells,0.99999976
TATAGATGGACGGA-1,T cells,0.99999964
TATAGATGTTCCGC-1,Mono,1.0
TATCACTGACTGTG-1,Mono,0.9999999
TATCCAACCAGCTA-1,Mono,0.99999905
TATCCAACTCTCTA-1,T cells,0.9999993
TATCGACTACTAGC-1,NK,0.8967013
TATCGACTCGATAC-1,Mono,1.0
TATCGTACAGATGA-1,T cells,0.99801874
TATCGTACATTCCT-1,Mono,1.0
TATCTCGAGAGATA-1,T cells,0.99598974
TATCTGACAGGTTC-1,T cells,0.9998336
TATCTGACTGTTTC-1,T cells,0.99999964
TATCTTCTAAACAG-1,T cells,0.9999871
TATGAATGGAGGAC-1,T cells,0.9996313
TATGAATGTTTGCT-1,Mono,1.0
TATGCGGATAACCG-1,T cells,0.9999751
TATGGGTGCATCAG-1,NK,0.9999367
TATGGGTGCTAGCA-1,B cells,0.9999691
TATGGTCTCTACCC-1,T cells,0.9999925
TATGTCACGGAACG-1,B cells,0.9999988
TATGTCACTAACCG-1,Mono,1.0
TATGTCACTTCTCA-1,B cells,0.9999851
TATGTGCTCCGATA-1,Mono,1.0
TATGTGCTGGATTC-1,T cells,0.9999999
TATTGCTGAAGAAC-1,Mono,0.9999628
TATTGCTGCCGTTC-1,B cells,0.9962663
TATTGCTGTCTGGA-1,T cells,0.9999993
TATTGCTGTGCACA-1,T cells,0.926937
TATTTCCTATTGGC-1,Mono,0.9999999
TATTTCCTGGAGGT-1,NK,0.9820458
TATTTCCTGGTGTT-1,T cells,0.9999932
TCAACACTGTTTGG-1,NK,0.9999392
TCAAGGACAGCGTT-1,T cells,0.9999932
TCAAGGACATTCTC-1,T cells,0.9976942
TCAAGGACGGTGTT-1,Mono,1.0
TCAATCACACTCTT-1,NK,0.99774593
TCAATCACAGTCGT-1,Mono,1.0
TCACAACTATGTGC-1,T cells,0.99996316
TCACAACTTTGCTT-1,Mono,0.99999964
TCACATACACTTTC-1,T cells,0.9999999
TCACATACAGGGTG-1,T cells,0.9992755
TCACCCGAGACGGA-1,Mono,1.0
TCACCGTGCTCGCT-1,Mono,1.0
TCACCTCTACGACT-1,T cells,0.9859854
TCACCTCTTCCAAG-1,Mono,1.0
TCACGAGAGGAGGT-1,B cells,0.9999664
TCACTATGGGGCAA-1,T cells,0.8845902
TCACTATGGTTGTG-1,B cells,0.9850755
TCAGACGACGCTAA-1,T cells,0.9999999
TCAGACGACGTTAG-1,NK,0.9999547
TCAGAGACTCCAGA-1,T cells,0.99963427
TCAGCAGACTCCAC-1,T cells,0.9999982
TCAGCGCTCTAGTG-1,T cells,0.99998593
TCAGCGCTGGATCT-1,B cells,0.99996126
TCAGCGCTGGTATC-1,T cells,1.0
TCAGGATGAAGTAG-1,T cells,0.9999976
TCAGGATGCCTTTA-1,Mono,1.0
TCAGTGGAAGATCC-1,T cells,0.99998224
TCAGTTACCTACGA-1,Mono,1.0
TCAGTTACTAGAAG-1,T cells,0.9999994
TCATCAACCCGATA-1,T cells,0.9999994
TCATCAACTGTTCT-1,Mono,1.0
TCATCATGCAGTTG-1,T cells,0.9999999
TCATCCCTTACTGG-1,T cells,0.9999999
TCATTCGATACAGC-1,Mono,1.0
TCCACGTGGAAACA-1,T cells,0.9999702
TCCACTCTACACTG-1,T cells,0.99998784
TCCACTCTGAGCTT-1,Mono,1.0
TCCACTCTTACTTC-1,B cells,0.9999777
TCCATAACAAAGTG-1,T cells,0.9999888
TCCATAACCGTAGT-1,B cells,0.99998665
TCCATAACGATGAA-1,T cells,0.9996158
TCCATAACTACGCA-1,T cells,0.9999881
TCCATCCTCCCTAC-1,T cells,0.999959
TCCCACGATCATTC-1,T cells,0.9999882
TCCCATCTCAAAGA-1,Mono,1.0
TCCCGAACACAGTC-1,NK,0.99973744
TCCCGAACTTCGCC-1,Mono,1.0
TCCCGATGAGATCC-1,T cells,0.9999981
TCCCGATGCCTGAA-1,Mono,0.99999034
TCCCGATGCTGTGA-1,T cells,0.9995223
TCCCTACTCAACTG-1,B cells,0.999997
TCCGAAGACAATCG-1,Mono,0.99999976
TCCGAAGACGTTAG-1,T cells,0.9999999
TCCGGACTGAGGTG-1,T cells,0.9999993
TCCGGACTGTACGT-1,T cells,0.99983835
TCCTAAACATCGAC-1,NK,0.96667784
TCCTAAACCGAGAG-1,T cells,1.0
TCCTAAACCGCATA-1,NK,0.9999417
TCCTAATGGTTTGG-1,T cells,1.0
TCCTACCTGTCGTA-1,T cells,0.9999995
TCCTATGAAAAGCA-1,T cells,0.9999993
TCGAATCTCTGGTA-1,T cells,0.99983144
TCGACCTGCCGATA-1,Mono,1.0
TCGACGCTTCTATC-1,Mono,1.0
TCGACGCTTTGACG-1,T cells,0.99999976
TCGAGAACGACAGG-1,T cells,0.98928505
TCGAGAACGTTAGC-1,T cells,0.9999807
TCGAGCCTATCAGC-1,B cells,0.99998426
TCGAGCCTGCGAGA-1,T cells,1.0
TCGAGCCTTGTGAC-1,T cells,0.9999906
TCGATACTATTCCT-1,T cells,0.9997186
TCGATACTTGCACA-1,T cells,0.9994272
TCGATTTGATGCCA-1,Mono,1.0
TCGATTTGCACTCC-1,T cells,0.9999995
TCGATTTGCAGCTA-1,NK,0.99999976
TCGATTTGCCTACC-1,Mono,1.0
TCGATTTGTCGTGA-1,B cells,0.9999994
TCGCACACCATCAG-1,Mono,0.99999726
TCGCAGCTAGATCC-1,T cells,0.9997515
TCGCCATGAGACTC-1,T cells,0.9999951
TCGCCATGTGGTCA-1,B cells,0.99999785
TCGGACCTAACAGA-1,T cells,1.0
TCGGACCTATAAGG-1,B cells,0.9999956
TCGGACCTGTACAC-1,T cells,0.9999999
TCGGTAGAGTAGGG-1,T cells,0.99999976
TCGGTAGATCCCAC-1,B cells,0.99999285
TCGTAGGATCGACA-1,T cells,0.9999988
TCGTGAGAACTGTG-1,B cells,0.99194056
TCGTTATGGACAAA-1,T cells,1.0
TCTAACACCAGTTG-1,NK,0.9994572
TCTAACACGAGCAG-1,Mono,0.9999994
TCTAACTGAACCAC-1,T cells,0.99999833
TCTAAGCTAATGCC-1,T cells,0.99999857
TCTAAGCTTAGTCG-1,T cells,0.9998865
TCTAAGCTTCTAGG-1,Mono,1.0
TCTAAGCTTGTTCT-1,Mono,1.0
TCTAAGCTTTCGCC-1,B cells,0.99840933
TCTACAACGACTAC-1,Mono,1.0
TCTAGACTTAGAAG-1,Mono,1.0
TCTAGTTGCACCAA-1,Mono,1.0
TCTATGTGAAGAGT-1,Mono,0.99999774
TCTATGTGAGTCTG-1,NK,0.9364935
TCTCAAACCTAAGC-1,B cells,0.99995935
TCTCTAGAATTTCC-1,T cells,0.9998956
TCTGATACACGTGT-1,T cells,0.9999993
TCTGATACTCGCCT-1,T cells,0.9999981
TCTTACGAACCTGA-1,Mono,1.0
TCTTCAGAGCTACA-1,Mono,1.0
TCTTGATGCGGAGA-1,T cells,1.0
TGAAATTGGTGAGG-1,Mono,1.0
TGAACCGAAAACGA-1,T cells,0.99999905
TGAACCGACTACTT-1,Mono,1.0
TGAACCGATTCGGA-1,Mono,1.0
TGAAGCACTCACGA-1,T cells,0.9999864
TGAAGCTGAACGAA-1,T cells,0.9999999
TGAAGCTGAGACTC-1,T cells,0.9842951
TGAAGCTGCATGGT-1,B cells,0.9999205
TGAAGCTGCGTAAC-1,T cells,0.9999865
TGAATAACCACTTT-1,T cells,0.9999981
TGAATAACTCCCAC-1,NK,0.99990344
TGACACGACCTTAT-1,B cells,0.9999552
TGACCAGACAACCA-1,T cells,0.99999917
TGACCAGAGGATTC-1,T cells,0.9999981
TGACCGCTAAAAGC-1,T cells,0.9999999
TGACCGCTCTGCAA-1,T cells,0.99999976
TGACGATGCAAAGA-1,Mono,1.0
TGACGCCTGTACCA-1,T cells,1.0
TGACGCCTTTACTC-1,T cells,0.99986637
TGACTGGAAGAGAT-1,Mono,1.0
TGACTGGACCGTAA-1,T cells,0.9999839
TGACTGGACGCAAT-1,T cells,0.9999447
TGACTGGAGGACAG-1,B cells,0.9999956
TGACTGGATTCTCA-1,T cells,1.0
TGACTTACACACCA-1,T cells,0.9999994
TGACTTACAGTCTG-1,Mono,1.0
TGACTTTGCGCATA-1,T cells,0.9999999
TGACTTTGTTTGTC-1,T cells,0.9999995
TGAGACACAAGGTA-1,T cells,0.9999958
TGAGACACTCAAGC-1,NK,0.9644954
TGAGACACTGTGCA-1,T cells,0.9988355
TGAGCTGAATGCTG-1,Mono,1.0
TGAGCTGACTGGAT-1,Mono,1.0
TGAGCTGAGCGAGA-1,T cells,0.99457705
TGAGCTGATGCTAG-1,Mono,0.9997571
TGAGGACTCTCATT-1,Mono,1.0
TGAGGACTTCATTC-1,T cells,0.9999999
TGAGGTACGAACCT-1,Mono,1.0
TGAGTCGAGTTACG-1,B cells,0.99996936
TGAGTGACTGAGCT-1,T cells,0.99999976
TGATAAACGAATCC-1,T cells,0.9999999
TGATAAACTCCGTC-1,NK,0.999998
TGATAAACTTTCAC-1,T cells,0.99999845
TGATACCTCACTAG-1,Mono,0.9999999
TGATACCTGTTGGT-1,T cells,0.9999987
TGATACCTTATGCG-1,T cells,0.9999976
TGATACCTTGAAGA-1,T cells,1.0
TGATATGAACCTTT-1,T cells,0.9999999
TGATCACTAGCATC-1,T cells,0.9106308
TGATCACTCTCGCT-1,T cells,0.99998903
TGATCACTTCTACT-1,B cells,0.99992657
TGATCGGACTGACA-1,Mono,1.0
TGATCGGAGGAGCA-1,B cells,0.99999416
TGATCGGATATGCG-1,Mono,0.99999785
TGATTAGACATTGG-1,T cells,0.99991953
TGATTAGATGACTG-1,B cells,0.9997981
TGATTAGATGCTAG-1,T cells,0.9999976
TGATTCACTATGCG-1,T cells,0.99998415
TGATTCACTGTCAG-1,B cells,0.9999008
TGATTCTGCCGAAT-1,T cells,0.9999994
TGATTCTGCTCTTA-1,T cells,1.0
TGCAAGTGAGAACA-1,T cells,0.99999106
TGCAAGTGGGTAGG-1,Mono,1.0
TGCAATCTTCAGGT-1,Mono,0.98440033
TGCACAGACGACAT-1,NK,0.9999993
TGCCAAGAGCAGTT-1,Mono,0.9999893
TGCCAAGATCTCTA-1,T cells,0.99999976
TGCCACTGAACGTC-1,T cells,0.9997931
TGCCACTGCGATAC-1,NK,0.96605366
TGCCAGCTTGGCAT-1,T cells,0.9999962
TGCCCAACAGCAAA-1,T cells,0.99999917
TGCCCAACCGCATA-1,Mono,1.0
TGCCGACTCTCCCA-1,B cells,0.9999951
TGCGAAACAGTCAC-1,B cells,0.99999976
TGCGAAACGTTGCA-1,B cells,0.99999535
TGCGATGAACGGTT-1,T cells,0.99999917
TGCGATGACCTCGT-1,T cells,0.9997453
TGCGATGACTAGTG-1,B cells,0.9999949
TGCGATGACTGCTC-1,B cells,0.9999999
TGCGATGACTTGCC-1,B cells,0.9999944
TGCGATGAGTGCTA-1,Mono,1.0
TGCGCACTCTTGAG-1,Mono,0.99999785
TGCGTAGAATAAGG-1,Mono,1.0
TGCGTAGACGGGAA-1,B cells,0.99993324
TGCGTAGATGGTCA-1,Mono,1.0
TGCTAGGAAACCGT-1,T cells,0.9999995
TGCTAGGATAGTCG-1,T cells,0.99848145
TGCTATACGGTTCA-1,Mono,0.99999845
TGCTATACTGCTGA-1,T cells,0.95536226
TGCTGAGAGAGCAG-1,NK,0.9999995
TGCTGAGATTATCC-1,T cells,0.9999999
TGGAAAGACTCTCG-1,B cells,0.99991274
TGGAAAGAGCGATT-1,T cells,0.9999999
TGGAAAGAGGTCAT-1,Mono,1.0
TGGAAAGATATGGC-1,T cells,0.9990569
TGGAACACAAACAG-1,NK,0.99996257
TGGAACACGCTAAC-1,T cells,0.9999974
TGGAAGCTCAGATC-1,T cells,0.9990916
TGGACCCTACACTG-1,Mono,0.99995387
TGGACCCTCATGGT-1,T cells,0.91836977
TGGACCCTGGTACT-1,Mono,1.0
TGGACTGAGTATGC-1,T cells,0.99999976
TGGAGACTATCAGC-1,Mono,1.0
TGGAGACTGAAACA-1,T cells,0.9613126
TGGAGACTTCAAGC-1,T cells,0.99999976
TGGAGACTTGACCA-1,T cells,1.0
TGGAGGGACGGAGA-1,Mono,1.0
TGGAGGGAGCTATG-1,T cells,0.8343358
TGGATCGATAAAGG-1,T cells,0.99999976
TGGATGTGACCTAG-1,B cells,0.99997985
TGGATGTGATGTCG-1,T cells,0.99999964
TGGATGTGTGAAGA-1,B cells,1.0
TGGATTCTCATACG-1,T cells,0.99999475
TGGCAATGCTTGTT-1,B cells,0.99999297
TGGCAATGGAGGGT-1,T cells,0.9992331
TGGCACCTTCACGA-1,T cells,0.89636505
TGGCACCTTCAGTG-1,Mono,1.0
TGGGTATGAAGAGT-1,T cells,0.9999993
TGGGTATGCACAAC-1,T cells,0.9999999
TGGGTATGGTACGT-1,B cells,0.99858713
TGGGTATGTTTGGG-1,Mono,1.0
TGGTAGACATGCCA-1,T cells,0.99997103
TGGTAGACCCTCAC-1,NK,0.99938846
TGGTAGACCTGATG-1,T cells,0.99999726
TGGTAGTGCACTGA-1,Mono,0.9999918
TGGTATCTAAACAG-1,T cells,0.9999995
TGGTATCTCTTCCG-1,T cells,0.9999938
TGGTCAGACCCAAA-1,B cells,0.78538096
TGGTCAGACCGTTC-1,NK,0.99988055
TGGTTACTGACGTT-1,Mono,1.0
TGGTTACTGTTCTT-1,T cells,0.9999763
TGTAACCTAGAGGC-1,T cells,0.99999917
TGTAACCTTGCCTC-1,Mono,1.0
TGTAATGACACAAC-1,NK,0.8861528
TGTAATGAGGTAAA-1,NK,0.9251719
TGTACTTGCTCTAT-1,Mono,1.0
TGTAGGTGCGAGAG-1,B cells,0.999936
TGTAGGTGCTATGG-1,T cells,1.0
TGTAGGTGCTCTAT-1,Mono,0.99999106
TGTAGGTGTGCTGA-1,T cells,0.9999994
TGTAGTCTTCCAGA-1,B cells,0.94269
TGTAGTCTTGCACA-1,T cells,0.9926636
TGTATCTGTTAGGC-1,T cells,0.99999964
TGTATGCTCATGGT-1,B cells,0.9999974
TGTATGCTGTAGGG-1,T cells,0.9997534
TGTATGCTTTCATC-1,T cells,0.9999995
TGTCAGGAATACCG-1,T cells,0.9999999
TGTCAGGAGATGAA-1,Mono,1.0
TGTCTAACCCCTTG-1,T cells,0.99999285
TGTGACGATTCTCA-1,T cells,1.0
TGTGAGACTGTCAG-1,Mono,1.0
TGTGAGACTTGAGC-1,T cells,0.9021599
TGTGAGTGACCACA-1,T cells,0.99999857
TGTGAGTGAGTGCT-1,Mono,1.0
TGTGAGTGGAGATA-1,T cells,0.9999231
TGTGATCTCTCTAT-1,B cells,0.9999193
TGTGATCTGACACT-1,NK,0.7579961
TGTGGATGGCCAAT-1,B cells,0.9999628
TGTTAAGACAAAGA-1,Mono,0.99998593
TGTTAAGATAAGGA-1,Mono,1.0
TGTTAAGATTGGCA-1,Mono,0.9999094
TGTTACACCGCATA-1,Mono,1.0
TGTTACACGACTAC-1,Mono,0.9999999
TGTTACTGGCTACA-1,T cells,0.9999994
TGTTACTGTAGTCG-1,T cells,0.7757815
TTAACCACCGTAAC-1,T cells,0.9999999
TTAACCACTAAGGA-1,T cells,0.96935016
TTAACCACTCAGAC-1,NK,0.9877845
TTACACACGTGTTG-1,T cells,0.9999962
TTACACACTCCTAT-1,T cells,0.9999914
TTACCATGAATCGC-1,Mono,1.0
TTACCATGGTTGAC-1,T cells,1.0
TTACCATGTGTCTT-1,NK,0.9997179
TTACCATGTTGTGG-1,B cells,0.99998116
TTACGACTGAGAGC-1,T cells,0.9999949
TTACGACTTGACAC-1,Mono,1.0
TTACGTACGTTCAG-1,Platelet,0.99998224
TTACTCGAACGTTG-1,B cells,0.9999578
TTACTCGAAGAATG-1,Mono,1.0
TTACTCGACGCAAT-1,Mono,1.0
TTACTCGAGGGTGA-1,T cells,0.9999949
TTACTCGATCTACT-1,NK,0.9999999
TTAGAATGTGGTGT-1,T cells,0.9997489
TTAGAATGTGTAGC-1,T cells,0.98599374
TTAGACCTCCTACC-1,T cells,0.99999845
TTAGACCTCCTTTA-1,Mono,1.0
TTAGCTACAACCGT-1,T cells,0.99999976
TTAGCTACTGTCCC-1,Mono,1.0
TTAGCTACTTTCGT-1,T cells,0.99999976
TTAGGGACGCGAAG-1,T cells,0.9999714
TTAGGGTGCTGGAT-1,B cells,1.0
TTAGGGTGTCCTGC-1,Mono,1.0
TTAGGTCTACTTTC-1,Mono,0.99999976
TTAGTCACCAGTTG-1,T cells,0.9999778
TTAGTCTGAAAGCA-1,B cells,0.99999833
TTAGTCTGCCAACA-1,NK,0.9999808
TTAGTCTGTGCACA-1,T cells,0.9999894
TTATCCGACTAGTG-1,B cells,0.9999939
TTATCCGAGAAAGT-1,Mono,1.0
TTATGAGAGATAAG-1,T cells,0.99998236
TTATGCACGTCACA-1,B cells,0.9999974
TTATGGCTTATGGC-1,Mono,0.9999502
TTATTCCTATGCTG-1,Mono,1.0
TTATTCCTGGACAG-1,B cells,0.99999774
TTATTCCTGGTACT-1,B cells,0.99999976
TTATTCCTTCGTGA-1,T cells,1.0
TTCAAAGATAAAGG-1,T cells,0.99815506
TTCAACACAACAGA-1,T cells,0.9999993
TTCAACACCCCAAA-1,Mono,1.0
TTCAACACGGACGA-1,Mono,1.0
TTCAAGCTAAGAAC-1,Mono,1.0
TTCAAGCTAGATGA-1,T cells,0.9999999
TTCAAGCTGTTGAC-1,T cells,0.9999999
TTCAAGCTTCCAAG-1,T cells,0.91482985
TTCAAGCTTGATGC-1,T cells,0.99999857
TTCAAGCTTTCGCC-1,T cells,0.9999995
TTCACAACCCGTTC-1,Mono,1.0
TTCACAACGTCTGA-1,Mono,0.9981054
TTCAGACTACCCAA-1,T cells,0.9992531
TTCAGACTCTCGAA-1,T cells,0.9999994
TTCAGTACCGACTA-1,T cells,0.99999905
TTCAGTACTCAAGC-1,T cells,1.0
TTCAGTACTCCTAT-1,Mono,1.0
TTCAGTTGCCAAGT-1,T cells,0.99992025
TTCAGTTGTCCTTA-1,Mono,0.999992
TTCAGTTGTCTAGG-1,T cells,0.9999912
TTCAGTTGTCTCGC-1,B cells,0.99924517
TTCATCGAGGTGGA-1,Mono,1.0
TTCATGTGTGGTGT-1,T cells,0.9999999
TTCATTCTATGTCG-1,Mono,1.0
TTCATTCTTCTCTA-1,T cells,0.99999833
TTCCAAACCTATGG-1,Mono,0.9999968
TTCCAAACCTCCCA-1,B cells,0.9999974
TTCCAAACTCCCAC-1,NK,0.99907815
TTCCAAACTTGACG-1,T cells,0.9999137
TTCCATGACGAGAG-1,Mono,1.0
TTCCATGACTGTCC-1,T cells,0.99838686
TTCCCACTTGAGGG-1,NK,0.99972326
TTCCCACTTGTCTT-1,Mono,1.0
TTCCTAGAAAGTGA-1,T cells,0.9999924
TTCCTAGACTAGTG-1,Mono,0.99998724
TTCGAGGACTCTAT-1,T cells,0.9999999
TTCGAGGAGGGCAA-1,T cells,0.99999464
TTCGAGGATAGAAG-1,Mono,0.9999968
TTCGATTGAGCATC-1,T cells,0.99575657
TTCGGAGAATGCCA-1,Mono,0.99999964
TTCGGAGATGTGCA-1,T cells,0.99999976
TTCGTATGAAAAGC-1,T cells,0.9991202
TTCGTATGGATAGA-1,T cells,1.0
TTCGTATGGTCTGA-1,T cells,0.9999856
TTCGTATGTCCTTA-1,Mono,1.0
TTCTACGAACGTAC-1,T cells,0.9999999
TTCTACGAGTTGGT-1,T cells,0.99999845
TTCTAGTGACACGT-1,T cells,0.9999968
TTCTAGTGCATGAC-1,Mono,1.0
TTCTAGTGGAGAGC-1,NK,0.9970872
TTCTAGTGGTCACA-1,Mono,1.0
TTCTCAGAAGAGAT-1,T cells,0.9999995
TTCTCAGAAGCATC-1,B cells,0.9999999
TTCTCAGATGGAGG-1,T cells,0.99999976
TTCTGATGGAGACG-1,NK,1.0
TTCTTACTCTGGAT-1,Mono,0.99999964
TTGAACCTCCTTGC-1,B cells,0.9999981
TTGAATGAACTACG-1,Mono,1.0
TTGAATGACTTACT-1,T cells,0.99998605
TTGAATGATCTCAT-1,B cells,0.99998665
TTGACACTCTGTAG-1,T cells,0.9999999
TTGACACTGATAAG-1,B cells,0.99991834
TTGAGGACAGAACA-1,Mono,1.0
TTGAGGACTACGCA-1,Mono,0.9999919
TTGAGGTGGACGGA-1,T cells,0.99999535
TTGCATTGAGCTAC-1,T cells,0.99999774
TTGCATTGCTAAGC-1,Mono,1.0
TTGCATTGTGACTG-1,T cells,0.9992741
TTGCTAACACCAAC-1,T cells,0.9999486
TTGCTAACACGCTA-1,Mono,1.0
TTGCTAACCACTCC-1,T cells,0.9999982
TTGCTATGGTACGT-1,Mono,1.0
TTGCTATGGTAGGG-1,Mono,0.99999964
TTGGAGACCAATCG-1,T cells,0.9999908
TTGGAGACGCTATG-1,Mono,1.0
TTGGAGACTATGGC-1,B cells,0.9999778
TTGGGAACTGAACC-1,T cells,0.99956197
TTGGTACTACTGGT-1,Mono,1.0
TTGGTACTCTTAGG-1,T cells,0.99999166
TTGGTACTGAATCC-1,B cells,0.99999917
TTGGTACTGGATTC-1,B cells,0.9999994
TTGTACACGTTGTG-1,B cells,0.99999523
TTGTACACTTGCAG-1,T cells,0.99999845
TTGTAGCTAGCTCA-1,T cells,0.9999974
TTGTAGCTCTCTTA-1,B cells,0.99999857
TTGTCATGGACGGA-1,NK,0.9998621
TTTAGAGATCCTCG-1,B cells,0.9999964
TTTAGCTGATACCG-1,T cells,0.9999999
TTTAGCTGGATACC-1,Mono,1.0
TTTAGCTGTACTCT-1,Mono,0.9999771
TTTAGGCTCCTTTA-1,Mono,1.0
TTTATCCTGTTGTG-1,Mono,1.0
TTTCACGAGGTTCA-1,T cells,0.9999691
TTTCAGTGGAAGGC-1,T cells,0.99996614
TTTCAGTGTCACGA-1,B cells,0.9999982
TTTCAGTGTCTATC-1,Mono,0.9999956
TTTCAGTGTGCAGT-1,B cells,0.9999863
TTTCCAGAGGTGAG-1,T cells,0.99996376
TTTCGAACACCTGA-1,T cells,0.9999356
TTTCGAACTCTCAT-1,Mono,1.0
TTTCTACTGAGGCA-1,B cells,0.99999535
TTTCTACTTCCTCG-1,B cells,0.9999906
TTTGCATGAGAGGC-1,B cells,0.9992556
TTTGCATGCCTCAC-1,T cells,0.99998486
